filepath,line_number,start_index,end_index,name,rules_violated
basic_examples/extra_stuff.py,2,7,9,os,Number Of Words:Short Identifier Name
basic_examples/extra_stuff.py,6,3,5,os,Number Of Words:Short Identifier Name
basic_examples/extra_stuff.py,6,6,10,name,Number Of Words:Short Identifier Name
basic_examples/extra_stuff.py,8,4,13,say_hello,Number Of Words
basic_examples/extra_stuff.py,9,6,15,say_hello,Number Of Words
basic_examples/extra_stuff.py,12,6,14,Employee,Capitalization Anomaly:Number Of Words
basic_examples/extra_stuff.py,14,6,13,__str__,Consecutice Underscores:External Underscores:Number Of Words:Short Identifier Name
basic_examples/extra_stuff.py,14,14,18,self,Number Of Words:Short Identifier Name
basic_examples/extra_stuff.py,15,11,15,self,Number Of Words:Short Identifier Name
basic_examples/extra_stuff.py,15,16,20,name,Number Of Words:Short Identifier Name
basic_examples/extra_stuff.py,15,29,32,str,Number Of Words:Short Identifier Name
basic_examples/extra_stuff.py,15,33,37,self,Number Of Words:Short Identifier Name
basic_examples/extra_stuff.py,15,38,44,salary,Number Of Words:Short Identifier Name
basic_examples/extra_stuff.py,17,6,14,__init__,Consecutice Underscores:External Underscores:Number Of Words
basic_examples/extra_stuff.py,17,15,19,self,Number Of Words:Short Identifier Name
basic_examples/extra_stuff.py,17,21,25,name,Number Of Words:Short Identifier Name
basic_examples/extra_stuff.py,17,27,33,salary,Number Of Words:Short Identifier Name
basic_examples/extra_stuff.py,18,4,8,self,Number Of Words:Short Identifier Name
basic_examples/extra_stuff.py,18,9,13,name,Number Of Words:Short Identifier Name
basic_examples/extra_stuff.py,18,16,20,name,Number Of Words:Short Identifier Name
basic_examples/extra_stuff.py,19,4,8,self,Number Of Words:Short Identifier Name
basic_examples/extra_stuff.py,19,9,15,salary,Number Of Words:Short Identifier Name
basic_examples/extra_stuff.py,19,18,24,salary,Number Of Words:Short Identifier Name
basic_examples/extra_stuff.py,22,0,9,employees,Number Of Words
basic_examples/extra_stuff.py,23,0,9,employees,Number Of Words
basic_examples/extra_stuff.py,23,10,16,append,Number Of Words:Short Identifier Name
basic_examples/extra_stuff.py,23,17,25,Employee,Capitalization Anomaly:Number Of Words
basic_examples/extra_stuff.py,24,0,9,employees,Number Of Words
basic_examples/extra_stuff.py,24,10,16,append,Number Of Words:Short Identifier Name
basic_examples/extra_stuff.py,24,17,25,Employee,Capitalization Anomaly:Number Of Words
basic_examples/extra_stuff.py,25,0,9,employees,Number Of Words
basic_examples/extra_stuff.py,25,10,16,append,Number Of Words:Short Identifier Name
basic_examples/extra_stuff.py,25,17,25,Employee,Capitalization Anomaly:Number Of Words
basic_examples/extra_stuff.py,29,0,17,sal_more_than_40k,Number Of Words
basic_examples/extra_stuff.py,29,21,22,e,Number Of Words
basic_examples/extra_stuff.py,29,27,28,e,Number Of Words
basic_examples/extra_stuff.py,29,32,41,employees,Number Of Words
basic_examples/extra_stuff.py,29,45,46,e,Number Of Words
basic_examples/extra_stuff.py,29,47,53,salary,Number Of Words:Short Identifier Name
basic_examples/extra_stuff.py,30,19,22,str,Number Of Words:Short Identifier Name
basic_examples/extra_stuff.py,30,23,26,len,Number Of Words:Short Identifier Name
basic_examples/extra_stuff.py,30,27,44,sal_more_than_40k,Number Of Words
basic_examples/extra_stuff.py,31,4,7,emp,Number Of Words:Short Identifier Name
basic_examples/extra_stuff.py,31,11,28,sal_more_than_40k,Number Of Words
basic_examples/extra_stuff.py,32,8,11,emp,Number Of Words:Short Identifier Name
basic_examples/extra_stuff.py,35,0,17,sal_more_than_30k,Number Of Words
basic_examples/extra_stuff.py,35,20,26,filter,Number Of Words:Short Identifier Name
basic_examples/extra_stuff.py,35,34,35,e,Number Of Words
basic_examples/extra_stuff.py,35,38,39,e,Number Of Words
basic_examples/extra_stuff.py,35,40,46,salary,Number Of Words:Short Identifier Name
basic_examples/extra_stuff.py,35,56,65,employees,Number Of Words
basic_examples/extra_stuff.py,36,19,22,str,Number Of Words:Short Identifier Name
basic_examples/extra_stuff.py,36,23,26,len,Number Of Words:Short Identifier Name
basic_examples/extra_stuff.py,36,27,44,sal_more_than_30k,Number Of Words
basic_examples/extra_stuff.py,37,4,7,emp,Number Of Words:Short Identifier Name
basic_examples/extra_stuff.py,37,11,28,sal_more_than_30k,Number Of Words
basic_examples/extra_stuff.py,38,8,11,emp,Number Of Words:Short Identifier Name
basic_examples/extra_stuff.py,42,6,10,repr,Number Of Words:Short Identifier Name
basic_examples/extra_stuff.py,42,11,28,sal_more_than_30k,Number Of Words
basic_examples/extra_stuff.py,44,0,4,eval,Number Of Words:Short Identifier Name
basic_examples/extra_stuff.py,44,5,9,repr,Number Of Words:Short Identifier Name
basic_examples/extra_stuff.py,44,10,27,sal_more_than_30k,Number Of Words
basic_examples/my_module.py,0,4,12,sayHello,Number Of Words
basic_examples/my_module.py,3,17,25,__name__,Consecutice Underscores:External Underscores:Number Of Words
basic_examples/python_booleans.py,3,0,3,num,Number Of Words:Short Identifier Name
basic_examples/python_booleans.py,4,3,6,num,Number Of Words:Short Identifier Name
basic_examples/python_booleans.py,5,10,13,num,Number Of Words:Short Identifier Name
basic_examples/python_booleans.py,7,10,13,num,Number Of Words:Short Identifier Name
basic_examples/python_booleans.py,10,7,11,What,Capitalization Anomaly:Number Of Words:Short Identifier Name
basic_examples/python_booleans.py,10,12,14,we,Number Of Words:Short Identifier Name
basic_examples/python_booleans.py,10,15,19,just,Number Of Words:Short Identifier Name
basic_examples/python_booleans.py,10,20,23,saw,Number Of Words:Short Identifier Name
basic_examples/python_booleans.py,10,24,27,are,Number Of Words:Short Identifier Name
basic_examples/python_booleans.py,10,28,39,conditional,Number Of Words
basic_examples/python_booleans.py,10,40,50,statements,Number Of Words
basic_examples/python_booleans.py,11,0,5,print,Number Of Words:Short Identifier Name
basic_examples/python_control.py,2,0,3,age,Number Of Words:Short Identifier Name
basic_examples/python_control.py,2,6,9,int,Number Of Words:Short Identifier Name
basic_examples/python_control.py,2,10,19,raw_input,Number Of Words
basic_examples/python_control.py,4,3,6,age,Number Of Words:Short Identifier Name
basic_examples/python_control.py,6,5,8,age,Number Of Words:Short Identifier Name
basic_examples/python_control.py,6,18,21,age,Number Of Words:Short Identifier Name
basic_examples/python_control.py,8,5,8,age,Number Of Words:Short Identifier Name
basic_examples/python_control.py,8,19,22,age,Number Of Words:Short Identifier Name
basic_examples/python_control.py,10,5,8,age,Number Of Words:Short Identifier Name
basic_examples/python_control.py,10,19,22,age,Number Of Words:Short Identifier Name
basic_examples/python_control.py,18,0,6,number,Number Of Words:Short Identifier Name
basic_examples/python_control.py,18,9,12,age,Number Of Words:Short Identifier Name
basic_examples/python_control.py,19,0,4,fact,Number Of Words:Short Identifier Name
basic_examples/python_control.py,20,0,2,st,Number Of Words:Short Identifier Name
basic_examples/python_control.py,21,6,9,age,Number Of Words:Short Identifier Name
basic_examples/python_control.py,22,2,6,fact,Number Of Words:Short Identifier Name
basic_examples/python_control.py,22,9,13,fact,Number Of Words:Short Identifier Name
basic_examples/python_control.py,22,16,19,age,Number Of Words:Short Identifier Name
basic_examples/python_control.py,23,2,5,age,Number Of Words:Short Identifier Name
basic_examples/python_control.py,23,8,11,age,Number Of Words:Short Identifier Name
basic_examples/python_control.py,26,36,40,fact,Number Of Words:Short Identifier Name
basic_examples/python_control.py,31,4,5,i,Number Of Words
basic_examples/python_control.py,31,9,14,range,Number Of Words:Short Identifier Name
basic_examples/python_control.py,32,8,9,i,Number Of Words
basic_examples/python_control.py,36,4,5,i,Number Of Words
basic_examples/python_control.py,36,9,14,range,Number Of Words:Short Identifier Name
basic_examples/python_control.py,37,8,9,i,Number Of Words
basic_examples/python_conversions.py,3,0,3,num,Number Of Words:Short Identifier Name
basic_examples/python_conversions.py,5,0,5,eight,Number Of Words:Numeric Identifier Name:Short Identifier Name
basic_examples/python_conversions.py,5,8,11,str,Number Of Words:Short Identifier Name
basic_examples/python_conversions.py,5,12,15,num,Number Of Words:Short Identifier Name
basic_examples/python_conversions.py,6,27,31,type,Number Of Words:Short Identifier Name
basic_examples/python_conversions.py,6,32,37,eight,Number Of Words:Numeric Identifier Name:Short Identifier Name
basic_examples/python_conversions.py,9,0,4,num8,Number Of Words:Short Identifier Name
basic_examples/python_conversions.py,9,7,10,int,Number Of Words:Short Identifier Name
basic_examples/python_conversions.py,9,11,16,eight,Number Of Words:Numeric Identifier Name:Short Identifier Name
basic_examples/python_conversions.py,10,26,30,type,Number Of Words:Short Identifier Name
basic_examples/python_conversions.py,10,31,35,num8,Number Of Words:Short Identifier Name
basic_examples/python_conversions.py,12,0,1,t,Number Of Words
basic_examples/python_conversions.py,13,0,4,strt,Number Of Words:Short Identifier Name
basic_examples/python_conversions.py,13,7,10,str,Number Of Words:Short Identifier Name
basic_examples/python_conversions.py,13,11,12,t,Number Of Words
basic_examples/python_conversions.py,14,26,30,type,Number Of Words:Short Identifier Name
basic_examples/python_conversions.py,14,31,35,strt,Number Of Words:Short Identifier Name
basic_examples/python_dictionary.py,7,0,9,phonebook,Number Of Words
basic_examples/python_dictionary.py,10,6,15,phonebook,Number Of Words
basic_examples/python_dictionary.py,12,0,9,phonebook,Number Of Words
basic_examples/python_dictionary.py,15,0,9,phonebook,Number Of Words
basic_examples/python_dictionary.py,17,6,15,phonebook,Number Of Words
basic_examples/python_dictionary.py,20,4,5,k,Number Of Words:Short Identifier Name
basic_examples/python_dictionary.py,20,9,18,phonebook,Number Of Words
basic_examples/python_dictionary.py,20,19,23,keys,Number Of Words:Short Identifier Name
basic_examples/python_dictionary.py,21,9,10,k,Number Of Words:Short Identifier Name
basic_examples/python_dictionary.py,21,12,21,phonebook,Number Of Words
basic_examples/python_dictionary.py,21,22,23,k,Number Of Words:Short Identifier Name
basic_examples/python_dictionary.py,24,4,13,phonebook,Number Of Words
basic_examples/python_dictionary.py,27,4,5,k,Number Of Words:Short Identifier Name
basic_examples/python_dictionary.py,27,7,8,v,Number Of Words:Short Identifier Name
basic_examples/python_dictionary.py,27,12,21,phonebook,Number Of Words
basic_examples/python_dictionary.py,27,22,27,items,Number Of Words:Short Identifier Name
basic_examples/python_dictionary.py,28,9,10,k,Number Of Words:Short Identifier Name
basic_examples/python_dictionary.py,28,12,13,v,Number Of Words:Short Identifier Name
basic_examples/python_exceptions.py,2,6,33,MyMethodNotImplementedError,Capitalization Anomaly:Excessive Words:Long Identifier Name:Number Of Words
basic_examples/python_exceptions.py,2,34,43,Exception,Capitalization Anomaly:Number Of Words
basic_examples/python_exceptions.py,3,6,14,__init__,Consecutice Underscores:External Underscores:Number Of Words
basic_examples/python_exceptions.py,3,15,19,self,Number Of Words:Short Identifier Name
basic_examples/python_exceptions.py,4,4,13,Exception,Capitalization Anomaly:Number Of Words
basic_examples/python_exceptions.py,4,14,22,__init__,Consecutice Underscores:External Underscores:Number Of Words
basic_examples/python_exceptions.py,4,23,27,self,Number Of Words:Short Identifier Name
basic_examples/python_exceptions.py,9,4,15,some_method,Number Of Words
basic_examples/python_exceptions.py,10,8,27,NotImplementedError,Capitalization Anomaly
basic_examples/python_exceptions.py,12,4,18,another_method,Number Of Words
basic_examples/python_exceptions.py,13,8,35,MyMethodNotImplementedError,Capitalization Anomaly:Excessive Words:Long Identifier Name:Number Of Words
basic_examples/python_exceptions.py,16,2,13,some_method,Number Of Words
basic_examples/python_exceptions.py,17,7,26,NotImplementedError,Capitalization Anomaly
basic_examples/python_exceptions.py,17,28,29,e,Number Of Words
basic_examples/python_exceptions.py,18,38,39,e,Number Of Words
basic_examples/python_exceptions.py,20,0,14,another_method,Number Of Words
basic_examples/python_files.py,2,7,9,os,Number Of Words:Short Identifier Name
basic_examples/python_files.py,4,4,13,read_file,Number Of Words
basic_examples/python_files.py,4,14,18,name,Number Of Words:Short Identifier Name
basic_examples/python_files.py,5,39,43,name,Number Of Words:Short Identifier Name
basic_examples/python_files.py,6,2,3,f,Number Of Words:Short Identifier Name
basic_examples/python_files.py,10,4,5,f,Number Of Words:Short Identifier Name
basic_examples/python_files.py,10,8,12,file,Number Of Words:Short Identifier Name
basic_examples/python_files.py,10,13,17,name,Number Of Words:Short Identifier Name
basic_examples/python_files.py,11,4,8,line,Number Of Words:Short Identifier Name
basic_examples/python_files.py,11,11,12,f,Number Of Words:Short Identifier Name
basic_examples/python_files.py,11,13,21,readline,Number Of Words
basic_examples/python_files.py,12,10,13,len,Number Of Words:Short Identifier Name
basic_examples/python_files.py,12,14,18,line,Number Of Words:Short Identifier Name
basic_examples/python_files.py,13,12,16,line,Number Of Words:Short Identifier Name
basic_examples/python_files.py,14,6,10,line,Number Of Words:Short Identifier Name
basic_examples/python_files.py,14,13,14,f,Number Of Words:Short Identifier Name
basic_examples/python_files.py,14,15,23,readline,Number Of Words
basic_examples/python_files.py,16,7,8,f,Number Of Words:Short Identifier Name
basic_examples/python_files.py,17,6,7,f,Number Of Words:Short Identifier Name
basic_examples/python_files.py,17,8,13,close,Number Of Words:Short Identifier Name
basic_examples/python_files.py,19,4,17,create_module,Number Of Words
basic_examples/python_files.py,19,18,22,name,Number Of Words:Short Identifier Name
basic_examples/python_files.py,20,29,33,name,Number Of Words:Short Identifier Name
basic_examples/python_files.py,21,2,3,f,Number Of Words:Short Identifier Name
basic_examples/python_files.py,25,4,5,f,Number Of Words:Short Identifier Name
basic_examples/python_files.py,25,8,12,file,Number Of Words:Short Identifier Name
basic_examples/python_files.py,25,13,17,name,Number Of Words:Short Identifier Name
basic_examples/python_files.py,28,4,5,f,Number Of Words:Short Identifier Name
basic_examples/python_files.py,28,6,11,write,Number Of Words:Short Identifier Name
basic_examples/python_files.py,29,4,5,f,Number Of Words:Short Identifier Name
basic_examples/python_files.py,29,6,11,write,Number Of Words:Short Identifier Name
basic_examples/python_files.py,29,30,34,name,Number Of Words:Short Identifier Name
basic_examples/python_files.py,30,4,5,f,Number Of Words:Short Identifier Name
basic_examples/python_files.py,30,6,11,write,Number Of Words:Short Identifier Name
basic_examples/python_files.py,31,4,5,f,Number Of Words:Short Identifier Name
basic_examples/python_files.py,31,6,11,write,Number Of Words:Short Identifier Name
basic_examples/python_files.py,32,4,5,f,Number Of Words:Short Identifier Name
basic_examples/python_files.py,32,6,11,write,Number Of Words:Short Identifier Name
basic_examples/python_files.py,33,4,5,f,Number Of Words:Short Identifier Name
basic_examples/python_files.py,33,6,11,write,Number Of Words:Short Identifier Name
basic_examples/python_files.py,34,4,5,f,Number Of Words:Short Identifier Name
basic_examples/python_files.py,34,6,11,write,Number Of Words:Short Identifier Name
basic_examples/python_files.py,35,4,5,f,Number Of Words:Short Identifier Name
basic_examples/python_files.py,35,6,11,write,Number Of Words:Short Identifier Name
basic_examples/python_files.py,37,7,8,f,Number Of Words:Short Identifier Name
basic_examples/python_files.py,38,6,7,f,Number Of Words:Short Identifier Name
basic_examples/python_files.py,38,8,13,close,Number Of Words:Short Identifier Name
basic_examples/python_files.py,40,0,4,name,Number Of Words:Short Identifier Name
basic_examples/python_files.py,44,2,15,create_module,Number Of Words
basic_examples/python_files.py,45,2,11,read_file,Number Of Words
basic_examples/python_files.py,45,12,16,name,Number Of Words:Short Identifier Name
basic_examples/python_files.py,47,2,4,os,Number Of Words:Short Identifier Name
basic_examples/python_files.py,47,5,11,remove,Number Of Words:Short Identifier Name
basic_examples/python_files.py,47,12,16,name,Number Of Words:Short Identifier Name
basic_examples/python_files.py,48,7,16,Exception,Capitalization Anomaly:Number Of Words
basic_examples/python_files.py,48,18,19,e,Number Of Words
basic_examples/python_files.py,49,45,46,e,Number Of Words
basic_examples/python_functions.py,2,0,9,maxCalled,Number Of Words
basic_examples/python_functions.py,3,0,9,minCalled,Number Of Words
basic_examples/python_functions.py,8,4,11,max_val,Number Of Words:Short Identifier Name
basic_examples/python_functions.py,8,12,13,a,Number Of Words:Short Identifier Name
basic_examples/python_functions.py,8,14,15,b,Number Of Words:Short Identifier Name
basic_examples/python_functions.py,13,9,18,maxCalled,Number Of Words
basic_examples/python_functions.py,14,2,11,maxCalled,Number Of Words
basic_examples/python_functions.py,14,14,23,maxCalled,Number Of Words
basic_examples/python_functions.py,16,5,6,a,Number Of Words:Short Identifier Name
basic_examples/python_functions.py,16,9,10,b,Number Of Words:Short Identifier Name
basic_examples/python_functions.py,17,11,12,a,Number Of Words:Short Identifier Name
basic_examples/python_functions.py,18,7,8,b,Number Of Words:Short Identifier Name
basic_examples/python_functions.py,18,11,12,a,Number Of Words:Short Identifier Name
basic_examples/python_functions.py,19,11,12,b,Number Of Words:Short Identifier Name
basic_examples/python_functions.py,21,11,12,a,Number Of Words:Short Identifier Name
basic_examples/python_functions.py,23,4,11,min_val,Number Of Words:Short Identifier Name
basic_examples/python_functions.py,23,12,13,a,Number Of Words:Short Identifier Name
basic_examples/python_functions.py,23,14,15,b,Number Of Words:Short Identifier Name
basic_examples/python_functions.py,28,9,18,minCalled,Number Of Words
basic_examples/python_functions.py,29,2,11,minCalled,Number Of Words
basic_examples/python_functions.py,29,14,23,minCalled,Number Of Words
basic_examples/python_functions.py,31,5,6,a,Number Of Words:Short Identifier Name
basic_examples/python_functions.py,31,9,10,b,Number Of Words:Short Identifier Name
basic_examples/python_functions.py,32,11,12,a,Number Of Words:Short Identifier Name
basic_examples/python_functions.py,33,7,8,b,Number Of Words:Short Identifier Name
basic_examples/python_functions.py,33,11,12,a,Number Of Words:Short Identifier Name
basic_examples/python_functions.py,34,11,12,b,Number Of Words:Short Identifier Name
basic_examples/python_functions.py,36,11,12,a,Number Of Words:Short Identifier Name
basic_examples/python_functions.py,38,4,15,print_usage,Number Of Words
basic_examples/python_functions.py,38,16,24,init_msg,Number Of Words
basic_examples/python_functions.py,38,26,33,max_val,Number Of Words:Short Identifier Name
basic_examples/python_functions.py,38,40,47,min_val,Number Of Words:Short Identifier Name
basic_examples/python_functions.py,39,9,18,maxCalled,Number Of Words
basic_examples/python_functions.py,39,20,29,minCalled,Number Of Words
basic_examples/python_functions.py,40,8,16,init_msg,Number Of Words
basic_examples/python_functions.py,41,5,12,max_val,Number Of Words:Short Identifier Name
basic_examples/python_functions.py,42,40,49,maxCalled,Number Of Words
basic_examples/python_functions.py,43,5,12,min_val,Number Of Words:Short Identifier Name
basic_examples/python_functions.py,44,41,50,minCalled,Number Of Words
basic_examples/python_functions.py,48,6,13,max_val,Number Of Words:Short Identifier Name
basic_examples/python_functions.py,48,14,21,__doc__,Consecutice Underscores:External Underscores:Number Of Words:Short Identifier Name
basic_examples/python_functions.py,49,0,7,max_val,Number Of Words:Short Identifier Name
basic_examples/python_functions.py,50,0,7,max_val,Number Of Words:Short Identifier Name
basic_examples/python_functions.py,50,10,11,b,Number Of Words:Short Identifier Name
basic_examples/python_functions.py,51,0,7,max_val,Number Of Words:Short Identifier Name
basic_examples/python_functions.py,51,8,9,b,Number Of Words:Short Identifier Name
basic_examples/python_functions.py,51,12,13,a,Number Of Words:Short Identifier Name
basic_examples/python_functions.py,54,6,13,min_val,Number Of Words:Short Identifier Name
basic_examples/python_functions.py,54,14,21,__doc__,Consecutice Underscores:External Underscores:Number Of Words:Short Identifier Name
basic_examples/python_functions.py,55,0,7,min_val,Number Of Words:Short Identifier Name
basic_examples/python_functions.py,56,0,7,min_val,Number Of Words:Short Identifier Name
basic_examples/python_functions.py,57,0,7,min_val,Number Of Words:Short Identifier Name
basic_examples/python_functions.py,57,10,11,b,Number Of Words:Short Identifier Name
basic_examples/python_functions.py,59,0,11,print_usage,Number Of Words
basic_examples/python_lists.py,2,0,9,jvm_langs,Number Of Words
basic_examples/python_lists.py,5,20,29,jvm_langs,Number Of Words
basic_examples/python_lists.py,5,30,37,__len__,Consecutice Underscores:External Underscores:Number Of Words:Short Identifier Name
basic_examples/python_lists.py,10,20,23,len,Number Of Words:Short Identifier Name
basic_examples/python_lists.py,10,24,33,jvm_langs,Number Of Words
basic_examples/python_lists.py,13,0,9,jvm_langs,Number Of Words
basic_examples/python_lists.py,13,10,16,append,Number Of Words:Short Identifier Name
basic_examples/python_lists.py,16,4,8,lang,Number Of Words:Short Identifier Name
basic_examples/python_lists.py,16,12,21,jvm_langs,Number Of Words
basic_examples/python_lists.py,17,8,12,lang,Number Of Words:Short Identifier Name
basic_examples/python_lists.py,20,34,43,jvm_langs,Number Of Words
basic_examples/python_lists.py,21,40,49,jvm_langs,Number Of Words
basic_examples/python_lists.py,22,43,52,jvm_langs,Number Of Words
basic_examples/python_lists.py,25,0,9,jvm_langs,Number Of Words
basic_examples/python_lists.py,25,10,14,sort,Number Of Words:Short Identifier Name
basic_examples/python_lists.py,26,6,15,jvm_langs,Number Of Words
basic_examples/python_logical_lines.py,1,0,1,i,Number Of Words
basic_examples/python_logical_lines.py,2,6,7,i,Number Of Words
basic_examples/python_logical_lines.py,5,0,1,i,Number Of Words
basic_examples/python_logical_lines.py,5,7,8,j,Number Of Words
basic_examples/python_logical_lines.py,6,6,7,i,Number Of Words
basic_examples/python_logical_lines.py,6,10,11,j,Number Of Words
basic_examples/python_modules.py,2,7,10,sys,Number Of Words:Short Identifier Name
basic_examples/python_modules.py,3,7,16,my_module,Number Of Words
basic_examples/python_modules.py,6,40,43,sys,Number Of Words:Short Identifier Name
basic_examples/python_modules.py,6,44,48,argv,Number Of Words:Short Identifier Name
basic_examples/python_modules.py,8,28,31,sys,Number Of Words:Short Identifier Name
basic_examples/python_modules.py,8,32,36,path,Number Of Words:Short Identifier Name
basic_examples/python_modules.py,11,0,9,my_module,Number Of Words
basic_examples/python_modules.py,11,10,18,sayHello,Number Of Words
basic_examples/python_numbers.py,4,0,3,num,Number Of Words:Short Identifier Name
basic_examples/python_numbers.py,5,73,76,num,Number Of Words:Short Identifier Name
basic_examples/python_numbers.py,7,32,35,num,Number Of Words:Short Identifier Name
basic_examples/python_numbers.py,8,34,37,num,Number Of Words:Short Identifier Name
basic_examples/python_numbers.py,15,0,3,num,Number Of Words:Short Identifier Name
basic_examples/python_numbers.py,16,20,23,num,Number Of Words:Short Identifier Name
basic_examples/python_numbers.py,25,0,11,max64BitInt,
basic_examples/python_numbers.py,26,0,6,bigNum,Number Of Words:Short Identifier Name
basic_examples/python_numbers.py,26,9,20,max64BitInt,
basic_examples/python_numbers.py,27,31,37,bigNum,Number Of Words:Short Identifier Name
basic_examples/python_objects.py,2,6,17,InvoiceItem,Capitalization Anomaly
basic_examples/python_objects.py,4,6,13,__str__,Consecutice Underscores:External Underscores:Number Of Words:Short Identifier Name
basic_examples/python_objects.py,4,14,18,self,Number Of Words:Short Identifier Name
basic_examples/python_objects.py,5,11,15,self,Number Of Words:Short Identifier Name
basic_examples/python_objects.py,5,16,20,text,Number Of Words:Short Identifier Name
basic_examples/python_objects.py,5,29,32,str,Number Of Words:Short Identifier Name
basic_examples/python_objects.py,5,33,37,self,Number Of Words:Short Identifier Name
basic_examples/python_objects.py,5,38,41,amt,Number Of Words:Short Identifier Name
basic_examples/python_objects.py,7,6,14,__init__,Consecutice Underscores:External Underscores:Number Of Words
basic_examples/python_objects.py,7,15,19,self,Number Of Words:Short Identifier Name
basic_examples/python_objects.py,7,23,29,kwargs,Number Of Words:Short Identifier Name
basic_examples/python_objects.py,8,4,8,self,Number Of Words:Short Identifier Name
basic_examples/python_objects.py,8,9,13,text,Number Of Words:Short Identifier Name
basic_examples/python_objects.py,9,4,8,self,Number Of Words:Short Identifier Name
basic_examples/python_objects.py,9,9,12,amt,Number Of Words:Short Identifier Name
basic_examples/python_objects.py,10,7,13,kwargs,Number Of Words:Short Identifier Name
basic_examples/python_objects.py,11,6,10,self,Number Of Words:Short Identifier Name
basic_examples/python_objects.py,11,11,15,text,Number Of Words:Short Identifier Name
basic_examples/python_objects.py,11,18,24,kwargs,Number Of Words:Short Identifier Name
basic_examples/python_objects.py,12,7,13,kwargs,Number Of Words:Short Identifier Name
basic_examples/python_objects.py,13,6,10,self,Number Of Words:Short Identifier Name
basic_examples/python_objects.py,13,11,14,amt,Number Of Words:Short Identifier Name
basic_examples/python_objects.py,13,17,23,kwargs,Number Of Words:Short Identifier Name
basic_examples/python_objects.py,15,6,13,Invoice,Capitalization Anomaly:Number Of Words:Short Identifier Name
basic_examples/python_objects.py,17,2,17,my_company_name,Number Of Words
basic_examples/python_objects.py,20,3,15,staticmethod,Number Of Words
basic_examples/python_objects.py,21,6,25,get_service_tax_per,Number Of Words
basic_examples/python_objects.py,25,6,13,__str__,Consecutice Underscores:External Underscores:Number Of Words:Short Identifier Name
basic_examples/python_objects.py,25,14,18,self,Number Of Words:Short Identifier Name
basic_examples/python_objects.py,26,11,15,self,Number Of Words:Short Identifier Name
basic_examples/python_objects.py,26,16,22,number,Number Of Words:Short Identifier Name
basic_examples/python_objects.py,26,31,34,str,Number Of Words:Short Identifier Name
basic_examples/python_objects.py,26,35,39,self,Number Of Words:Short Identifier Name
basic_examples/python_objects.py,26,40,43,amt,Number Of Words:Short Identifier Name
basic_examples/python_objects.py,28,6,14,__init__,Consecutice Underscores:External Underscores:Number Of Words
basic_examples/python_objects.py,28,15,19,self,Number Of Words:Short Identifier Name
basic_examples/python_objects.py,28,23,29,kwargs,Number Of Words:Short Identifier Name
basic_examples/python_objects.py,29,4,8,self,Number Of Words:Short Identifier Name
basic_examples/python_objects.py,29,9,15,number,Number Of Words:Short Identifier Name
basic_examples/python_objects.py,30,4,8,self,Number Of Words:Short Identifier Name
basic_examples/python_objects.py,30,9,15,client,Number Of Words:Short Identifier Name
basic_examples/python_objects.py,31,4,8,self,Number Of Words:Short Identifier Name
basic_examples/python_objects.py,31,9,13,date,Number Of Words:Short Identifier Name
basic_examples/python_objects.py,32,4,8,self,Number Of Words:Short Identifier Name
basic_examples/python_objects.py,32,9,22,invoice_items,Number Of Words
basic_examples/python_objects.py,34,6,22,add_invoice_item,Number Of Words
basic_examples/python_objects.py,34,23,27,self,Number Of Words:Short Identifier Name
basic_examples/python_objects.py,34,29,42,invoice_entry,Number Of Words
basic_examples/python_objects.py,35,4,8,self,Number Of Words:Short Identifier Name
basic_examples/python_objects.py,35,9,22,invoice_items,Number Of Words
basic_examples/python_objects.py,35,23,29,append,Number Of Words:Short Identifier Name
basic_examples/python_objects.py,35,30,43,invoice_entry,Number Of Words
basic_examples/python_objects.py,37,6,9,amt,Number Of Words:Short Identifier Name
basic_examples/python_objects.py,37,10,14,self,Number Of Words:Short Identifier Name
basic_examples/python_objects.py,38,4,7,amt,Number Of Words:Short Identifier Name
basic_examples/python_objects.py,39,8,12,item,Number Of Words:Short Identifier Name
basic_examples/python_objects.py,39,16,20,self,Number Of Words:Short Identifier Name
basic_examples/python_objects.py,39,21,34,invoice_items,Number Of Words
basic_examples/python_objects.py,40,6,9,amt,Number Of Words:Short Identifier Name
basic_examples/python_objects.py,40,12,15,amt,Number Of Words:Short Identifier Name
basic_examples/python_objects.py,40,18,22,item,Number Of Words:Short Identifier Name
basic_examples/python_objects.py,40,23,26,amt,Number Of Words:Short Identifier Name
basic_examples/python_objects.py,41,11,14,amt,Number Of Words:Short Identifier Name
basic_examples/python_objects.py,43,0,7,invoice,Number Of Words:Short Identifier Name
basic_examples/python_objects.py,43,10,17,Invoice,Capitalization Anomaly:Number Of Words:Short Identifier Name
basic_examples/python_objects.py,44,0,7,invoice,Number Of Words:Short Identifier Name
basic_examples/python_objects.py,44,8,14,number,Number Of Words:Short Identifier Name
basic_examples/python_objects.py,45,0,7,invoice,Number Of Words:Short Identifier Name
basic_examples/python_objects.py,45,8,14,client,Number Of Words:Short Identifier Name
basic_examples/python_objects.py,46,0,7,invoice,Number Of Words:Short Identifier Name
basic_examples/python_objects.py,46,8,12,date,Number Of Words:Short Identifier Name
basic_examples/python_objects.py,48,0,12,invoice_item,Number Of Words
basic_examples/python_objects.py,48,15,26,InvoiceItem,Capitalization Anomaly
basic_examples/python_objects.py,48,27,31,text,Number Of Words:Short Identifier Name
basic_examples/python_objects.py,48,52,55,amt,Number Of Words:Short Identifier Name
basic_examples/python_objects.py,49,0,7,invoice,Number Of Words:Short Identifier Name
basic_examples/python_objects.py,49,8,24,add_invoice_item,Number Of Words
basic_examples/python_objects.py,49,25,37,invoice_item,Number Of Words
basic_examples/python_objects.py,51,6,13,invoice,Number Of Words:Short Identifier Name
basic_examples/python_os_module.py,6,7,9,os,Number Of Words:Short Identifier Name
basic_examples/python_os_module.py,8,33,35,os,Number Of Words:Short Identifier Name
basic_examples/python_os_module.py,8,36,40,name,Number Of Words:Short Identifier Name
basic_examples/python_os_module.py,9,25,27,os,Number Of Words:Short Identifier Name
basic_examples/python_os_module.py,9,28,36,getlogin,Number Of Words
basic_examples/python_os_module.py,10,45,47,os,Number Of Words:Short Identifier Name
basic_examples/python_os_module.py,10,48,54,getcwd,Number Of Words:Short Identifier Name
basic_examples/python_os_module.py,11,31,33,os,Number Of Words:Short Identifier Name
basic_examples/python_os_module.py,11,34,40,getenv,Number Of Words:Short Identifier Name
basic_examples/python_read.py,1,5,8,sys,Number Of Words:Short Identifier Name
basic_examples/python_read.py,1,16,20,argv,Number Of Words:Short Identifier Name
basic_examples/python_read.py,3,0,6,script,Number Of Words:Short Identifier Name
basic_examples/python_read.py,3,8,16,filename,Number Of Words
basic_examples/python_read.py,3,19,23,argv,Number Of Words:Short Identifier Name
basic_examples/python_read.py,4,0,2,fp,Number Of Words:Short Identifier Name
basic_examples/python_read.py,4,5,9,open,Number Of Words:Short Identifier Name
basic_examples/python_read.py,4,10,18,filename,Number Of Words
basic_examples/python_read.py,5,27,29,fp,Number Of Words:Short Identifier Name
basic_examples/python_read.py,6,6,8,fp,Number Of Words:Short Identifier Name
basic_examples/python_read.py,6,9,13,read,Number Of Words:Short Identifier Name
basic_examples/python_read.py,7,0,2,fp,Number Of Words:Short Identifier Name
basic_examples/python_read.py,7,3,8,close,Number Of Words:Short Identifier Name
basic_examples/python_sequences.py,6,0,9,jvm_langs,Number Of Words
basic_examples/python_sequences.py,7,37,46,jvm_langs,Number Of Words
basic_examples/python_sequences.py,10,49,58,jvm_langs,Number Of Words
basic_examples/python_sequences.py,11,39,48,jvm_langs,Number Of Words
basic_examples/python_sequences.py,12,40,49,jvm_langs,Number Of Words
basic_examples/python_sequences.py,14,0,4,name,Number Of Words:Short Identifier Name
basic_examples/python_sequences.py,15,28,32,name,Number Of Words:Short Identifier Name
basic_examples/python_star_args_and_kwargs.py,2,4,11,add_all,Number Of Words:Short Identifier Name
basic_examples/python_star_args_and_kwargs.py,2,13,25,list_of_nums,Number Of Words
basic_examples/python_star_args_and_kwargs.py,3,2,5,sum,Number Of Words:Short Identifier Name
basic_examples/python_star_args_and_kwargs.py,4,6,9,num,Number Of Words:Short Identifier Name
basic_examples/python_star_args_and_kwargs.py,4,13,25,list_of_nums,Number Of Words
basic_examples/python_star_args_and_kwargs.py,5,4,7,sum,Number Of Words:Short Identifier Name
basic_examples/python_star_args_and_kwargs.py,5,10,13,sum,Number Of Words:Short Identifier Name
basic_examples/python_star_args_and_kwargs.py,5,16,19,num,Number Of Words:Short Identifier Name
basic_examples/python_star_args_and_kwargs.py,6,22,26,join,Number Of Words:Short Identifier Name
basic_examples/python_star_args_and_kwargs.py,6,27,30,str,Number Of Words:Short Identifier Name
basic_examples/python_star_args_and_kwargs.py,6,31,32,n,Number Of Words
basic_examples/python_star_args_and_kwargs.py,6,38,39,n,Number Of Words
basic_examples/python_star_args_and_kwargs.py,6,43,55,list_of_nums,Number Of Words
basic_examples/python_star_args_and_kwargs.py,6,65,68,sum,Number Of Words:Short Identifier Name
basic_examples/python_star_args_and_kwargs.py,8,0,7,add_all,Number Of Words:Short Identifier Name
basic_examples/python_star_args_and_kwargs.py,10,0,4,nums,Number Of Words:Short Identifier Name
basic_examples/python_star_args_and_kwargs.py,11,0,7,add_all,Number Of Words:Short Identifier Name
basic_examples/python_star_args_and_kwargs.py,11,9,13,nums,Number Of Words:Short Identifier Name
basic_examples/python_star_args_and_kwargs.py,13,0,4,nums,Number Of Words:Short Identifier Name
basic_examples/python_star_args_and_kwargs.py,14,0,7,add_all,Number Of Words:Short Identifier Name
basic_examples/python_star_args_and_kwargs.py,14,9,13,nums,Number Of Words:Short Identifier Name
basic_examples/python_star_args_and_kwargs.py,16,4,15,add_all_msg,Number Of Words
basic_examples/python_star_args_and_kwargs.py,16,17,21,args,Number Of Words:Short Identifier Name
basic_examples/python_star_args_and_kwargs.py,16,25,31,kwargs,Number Of Words:Short Identifier Name
basic_examples/python_star_args_and_kwargs.py,17,8,14,kwargs,Number Of Words:Short Identifier Name
basic_examples/python_star_args_and_kwargs.py,18,2,9,add_all,Number Of Words:Short Identifier Name
basic_examples/python_star_args_and_kwargs.py,18,11,15,args,Number Of Words:Short Identifier Name
basic_examples/python_star_args_and_kwargs.py,19,8,14,kwargs,Number Of Words:Short Identifier Name
basic_examples/python_star_args_and_kwargs.py,21,0,11,add_all_msg,Number Of Words
basic_examples/python_star_args_and_kwargs.py,21,18,24,before,Number Of Words:Short Identifier Name
basic_examples/python_star_args_and_kwargs.py,21,43,48,after,Number Of Words:Short Identifier Name
basic_examples/python_string_interpolation.py,2,5,11,string,Number Of Words:Short Identifier Name
basic_examples/python_string_interpolation.py,2,19,27,Template,Capitalization Anomaly:Number Of Words
basic_examples/python_string_interpolation.py,4,0,8,greeting,Number Of Words
basic_examples/python_string_interpolation.py,5,0,4,name,Number Of Words:Short Identifier Name
basic_examples/python_string_interpolation.py,7,0,5,print,Number Of Words:Short Identifier Name
basic_examples/python_string_interpolation.py,7,29,37,greeting,Number Of Words
basic_examples/python_string_interpolation.py,7,39,43,name,Number Of Words:Short Identifier Name
basic_examples/python_string_interpolation.py,9,45,51,locals,Number Of Words:Short Identifier Name
basic_examples/python_string_interpolation.py,11,6,14,Template,Capitalization Anomaly:Number Of Words
basic_examples/python_string_interpolation.py,11,47,57,substitute,Number Of Words
basic_examples/python_string_interpolation.py,11,58,64,locals,Number Of Words:Short Identifier Name
basic_examples/python_strings.py,35,0,8,greeting,Number Of Words
basic_examples/python_strings.py,36,32,40,greeting,Number Of Words
basic_examples/python_strings.py,36,51,54,len,Number Of Words:Short Identifier Name
basic_examples/python_strings.py,36,55,63,greeting,Number Of Words
basic_examples/python_strings.py,39,14,22,greeting,Number Of Words
basic_examples/python_strings.py,42,3,11,greeting,Number Of Words
basic_examples/python_strings.py,42,12,16,find,Number Of Words:Short Identifier Name
basic_examples/python_tuples.py,4,0,9,jvm_langs,Number Of Words
basic_examples/python_tuples.py,5,6,15,jvm_langs,Number Of Words
basic_examples/python_tuples.py,9,0,17,jvm_langs_revised,Number Of Words
basic_examples/python_tuples.py,9,51,60,jvm_langs,Number Of Words
basic_examples/python_tuples.py,11,6,23,jvm_langs_revised,Number Of Words
basic_examples/python_write.py,1,5,8,sys,Number Of Words:Short Identifier Name
basic_examples/python_write.py,1,16,20,argv,Number Of Words:Short Identifier Name
basic_examples/python_write.py,3,0,6,script,Number Of Words:Short Identifier Name
basic_examples/python_write.py,3,8,16,filename,Number Of Words
basic_examples/python_write.py,3,19,23,argv,Number Of Words:Short Identifier Name
basic_examples/python_write.py,4,0,2,fp,Number Of Words:Short Identifier Name
basic_examples/python_write.py,4,5,9,open,Number Of Words:Short Identifier Name
basic_examples/python_write.py,4,10,18,filename,Number Of Words
basic_examples/python_write.py,5,30,32,fp,Number Of Words:Short Identifier Name
basic_examples/python_write.py,6,0,2,fp,Number Of Words:Short Identifier Name
basic_examples/python_write.py,6,3,8,write,Number Of Words:Short Identifier Name
basic_examples/python_write.py,7,0,2,fp,Number Of Words:Short Identifier Name
basic_examples/python_write.py,7,3,8,close,Number Of Words:Short Identifier Name
mini_projects/adaptive_backup.py,3,7,9,os,Number Of Words:Short Identifier Name
mini_projects/adaptive_backup.py,4,7,11,time,Number Of Words:Short Identifier Name
mini_projects/adaptive_backup.py,5,7,14,tarfile,Number Of Words:Short Identifier Name
mini_projects/adaptive_backup.py,8,0,6,bk_src,Number Of Words:Short Identifier Name
mini_projects/adaptive_backup.py,12,0,7,bk_dest,Number Of Words:Short Identifier Name
mini_projects/adaptive_backup.py,14,0,5,bk_fn,Number Of Words:Short Identifier Name
mini_projects/adaptive_backup.py,14,8,15,bk_dest,Number Of Words:Short Identifier Name
mini_projects/adaptive_backup.py,14,18,22,time,Number Of Words:Short Identifier Name
mini_projects/adaptive_backup.py,14,23,31,strftime,Number Of Words
mini_projects/adaptive_backup.py,15,0,7,zip_cmd,Number Of Words:Short Identifier Name
mini_projects/adaptive_backup.py,15,31,36,bk_fn,Number Of Words:Short Identifier Name
mini_projects/adaptive_backup.py,15,42,46,join,Number Of Words:Short Identifier Name
mini_projects/adaptive_backup.py,15,47,53,bk_src,Number Of Words:Short Identifier Name
mini_projects/adaptive_backup.py,17,0,8,tar_file,Number Of Words
mini_projects/adaptive_backup.py,17,11,18,tarfile,Number Of Words:Short Identifier Name
mini_projects/adaptive_backup.py,17,19,23,open,Number Of Words:Short Identifier Name
mini_projects/adaptive_backup.py,17,24,29,bk_fn,Number Of Words:Short Identifier Name
mini_projects/adaptive_backup.py,18,4,8,file,Number Of Words:Short Identifier Name
mini_projects/adaptive_backup.py,18,12,18,bk_src,Number Of Words:Short Identifier Name
mini_projects/adaptive_backup.py,19,2,10,tar_file,Number Of Words
mini_projects/adaptive_backup.py,19,11,14,add,Number Of Words:Short Identifier Name
mini_projects/adaptive_backup.py,19,15,19,file,Number Of Words:Short Identifier Name
mini_projects/adaptive_backup.py,20,0,8,tar_file,Number Of Words
mini_projects/adaptive_backup.py,20,9,14,close,Number Of Words:Short Identifier Name
tdd/iostubbing/all_tests.py,0,7,15,unittest,Number Of Words
tdd/iostubbing/all_tests.py,1,7,30,test_write_user_details,Number Of Words
tdd/iostubbing/all_tests.py,2,7,36,test_write_user_details_istub,Long Identifier Name:Number Of Words
tdd/iostubbing/all_tests.py,4,0,6,suite1,Number Of Words:Short Identifier Name
tdd/iostubbing/all_tests.py,4,9,17,unittest,Number Of Words
tdd/iostubbing/all_tests.py,4,18,28,TestLoader,Capitalization Anomaly
tdd/iostubbing/all_tests.py,4,31,52,loadTestsFromTestCase,
tdd/iostubbing/all_tests.py,4,53,76,test_write_user_details,Number Of Words
tdd/iostubbing/all_tests.py,4,77,92,TestUserDetails,Capitalization Anomaly
tdd/iostubbing/all_tests.py,5,0,6,suite1,Number Of Words:Short Identifier Name
tdd/iostubbing/all_tests.py,5,7,15,addTests,Number Of Words
tdd/iostubbing/all_tests.py,5,16,24,unittest,Number Of Words
tdd/iostubbing/all_tests.py,5,25,35,TestLoader,Capitalization Anomaly
tdd/iostubbing/all_tests.py,5,38,59,loadTestsFromTestCase,
tdd/iostubbing/all_tests.py,5,60,89,test_write_user_details_istub,Long Identifier Name:Number Of Words
tdd/iostubbing/all_tests.py,5,90,105,TestUserDetails,Capitalization Anomaly
tdd/iostubbing/all_tests.py,7,0,8,unittest,Number Of Words
tdd/iostubbing/all_tests.py,7,9,23,TextTestRunner,Capitalization Anomaly
tdd/iostubbing/all_tests.py,7,24,33,verbosity,Number Of Words
tdd/iostubbing/all_tests.py,7,37,40,run,Number Of Words:Short Identifier Name
tdd/iostubbing/all_tests.py,7,41,47,suite1,Number Of Words:Short Identifier Name
tdd/iostubbing/test_write_user_details.py,0,7,15,unittest,Number Of Words
tdd/iostubbing/test_write_user_details.py,2,6,21,TestUserDetails,Capitalization Anomaly
tdd/iostubbing/test_write_user_details.py,2,22,30,unittest,Number Of Words
tdd/iostubbing/test_write_user_details.py,2,31,39,TestCase,Capitalization Anomaly
tdd/iostubbing/test_write_user_details.py,4,8,13,setUp,Number Of Words:Short Identifier Name
tdd/iostubbing/test_write_user_details.py,4,14,18,self,Number Of Words:Short Identifier Name
tdd/iostubbing/test_write_user_details.py,5,8,13,super,Number Of Words:Short Identifier Name
tdd/iostubbing/test_write_user_details.py,5,14,29,TestUserDetails,Capitalization Anomaly
tdd/iostubbing/test_write_user_details.py,5,31,35,self,Number Of Words:Short Identifier Name
tdd/iostubbing/test_write_user_details.py,5,37,42,setUp,Number Of Words:Short Identifier Name
tdd/iostubbing/test_write_user_details.py,8,8,16,tearDown,Number Of Words
tdd/iostubbing/test_write_user_details.py,8,17,21,self,Number Of Words:Short Identifier Name
tdd/iostubbing/test_write_user_details.py,9,8,13,super,Number Of Words:Short Identifier Name
tdd/iostubbing/test_write_user_details.py,9,14,29,TestUserDetails,Capitalization Anomaly
tdd/iostubbing/test_write_user_details.py,9,31,35,self,Number Of Words:Short Identifier Name
tdd/iostubbing/test_write_user_details.py,9,37,45,tearDown,Number Of Words
tdd/iostubbing/test_write_user_details.py,12,8,33,test_output_file_contents,Number Of Words
tdd/iostubbing/test_write_user_details.py,12,34,38,self,Number Of Words:Short Identifier Name
tdd/iostubbing/test_write_user_details.py,13,8,10,fp,Number Of Words:Short Identifier Name
tdd/iostubbing/test_write_user_details.py,13,13,17,open,Number Of Words:Short Identifier Name
tdd/iostubbing/test_write_user_details.py,14,8,12,name,Number Of Words:Short Identifier Name
tdd/iostubbing/test_write_user_details.py,14,15,17,fp,Number Of Words:Short Identifier Name
tdd/iostubbing/test_write_user_details.py,14,18,26,readline,Number Of Words
tdd/iostubbing/test_write_user_details.py,15,8,11,age,Number Of Words:Short Identifier Name
tdd/iostubbing/test_write_user_details.py,15,14,16,fp,Number Of Words:Short Identifier Name
tdd/iostubbing/test_write_user_details.py,15,17,25,readline,Number Of Words
tdd/iostubbing/test_write_user_details.py,16,8,12,city,Number Of Words:Short Identifier Name
tdd/iostubbing/test_write_user_details.py,16,15,17,fp,Number Of Words:Short Identifier Name
tdd/iostubbing/test_write_user_details.py,16,18,26,readline,Number Of Words
tdd/iostubbing/test_write_user_details.py,17,8,12,self,Number Of Words:Short Identifier Name
tdd/iostubbing/test_write_user_details.py,17,13,24,assertEqual,Number Of Words
tdd/iostubbing/test_write_user_details.py,17,25,29,name,Number Of Words:Short Identifier Name
tdd/iostubbing/test_write_user_details.py,17,32,35,len,Number Of Words:Short Identifier Name
tdd/iostubbing/test_write_user_details.py,17,36,40,name,Number Of Words:Short Identifier Name
tdd/iostubbing/test_write_user_details.py,18,8,12,self,Number Of Words:Short Identifier Name
tdd/iostubbing/test_write_user_details.py,18,13,24,assertEqual,Number Of Words
tdd/iostubbing/test_write_user_details.py,18,25,28,age,Number Of Words:Short Identifier Name
tdd/iostubbing/test_write_user_details.py,18,31,34,len,Number Of Words:Short Identifier Name
tdd/iostubbing/test_write_user_details.py,18,35,38,age,Number Of Words:Short Identifier Name
tdd/iostubbing/test_write_user_details.py,19,8,12,self,Number Of Words:Short Identifier Name
tdd/iostubbing/test_write_user_details.py,19,13,24,assertEqual,Number Of Words
tdd/iostubbing/test_write_user_details.py,19,25,29,city,Number Of Words:Short Identifier Name
tdd/iostubbing/test_write_user_details.py,19,32,35,len,Number Of Words:Short Identifier Name
tdd/iostubbing/test_write_user_details.py,19,36,40,city,Number Of Words:Short Identifier Name
tdd/iostubbing/test_write_user_details.py,21,3,11,__name__,Consecutice Underscores:External Underscores:Number Of Words
tdd/iostubbing/test_write_user_details.py,22,4,12,unittest,Number Of Words
tdd/iostubbing/test_write_user_details.py,22,13,17,main,Number Of Words:Short Identifier Name
tdd/iostubbing/test_write_user_details_iostub.py,0,7,15,unittest,Number Of Words
tdd/iostubbing/test_write_user_details_iostub.py,1,7,25,write_user_details,Number Of Words
tdd/iostubbing/test_write_user_details_iostub.py,2,7,10,sys,Number Of Words:Short Identifier Name
tdd/iostubbing/test_write_user_details_iostub.py,4,4,17,gen_open_stub,Number Of Words
tdd/iostubbing/test_write_user_details_iostub.py,4,18,29,output_stub,Number Of Words
tdd/iostubbing/test_write_user_details_iostub.py,5,8,12,open,Number Of Words:Short Identifier Name
tdd/iostubbing/test_write_user_details_iostub.py,5,13,18,fpath,Number Of Words:Short Identifier Name
tdd/iostubbing/test_write_user_details_iostub.py,5,20,24,mode,Number Of Words:Short Identifier Name
tdd/iostubbing/test_write_user_details_iostub.py,6,15,26,output_stub,Number Of Words
tdd/iostubbing/test_write_user_details_iostub.py,7,11,15,open,Number Of Words:Short Identifier Name
tdd/iostubbing/test_write_user_details_iostub.py,9,6,15,InputStub,Capitalization Anomaly
tdd/iostubbing/test_write_user_details_iostub.py,9,16,22,object,Number Of Words:Short Identifier Name
tdd/iostubbing/test_write_user_details_iostub.py,10,8,16,__init__,Consecutice Underscores:External Underscores:Number Of Words
tdd/iostubbing/test_write_user_details_iostub.py,10,17,21,self,Number Of Words:Short Identifier Name
tdd/iostubbing/test_write_user_details_iostub.py,10,23,29,values,Number Of Words:Short Identifier Name
tdd/iostubbing/test_write_user_details_iostub.py,11,8,12,self,Number Of Words:Short Identifier Name
tdd/iostubbing/test_write_user_details_iostub.py,11,13,19,values,Number Of Words:Short Identifier Name
tdd/iostubbing/test_write_user_details_iostub.py,11,22,28,values,Number Of Words:Short Identifier Name
tdd/iostubbing/test_write_user_details_iostub.py,12,8,12,self,Number Of Words:Short Identifier Name
tdd/iostubbing/test_write_user_details_iostub.py,12,13,16,cnt,Number Of Words:Short Identifier Name
tdd/iostubbing/test_write_user_details_iostub.py,14,8,16,readline,Number Of Words
tdd/iostubbing/test_write_user_details_iostub.py,14,17,21,self,Number Of Words:Short Identifier Name
tdd/iostubbing/test_write_user_details_iostub.py,15,11,15,self,Number Of Words:Short Identifier Name
tdd/iostubbing/test_write_user_details_iostub.py,15,16,19,cnt,Number Of Words:Short Identifier Name
tdd/iostubbing/test_write_user_details_iostub.py,15,22,25,len,Number Of Words:Short Identifier Name
tdd/iostubbing/test_write_user_details_iostub.py,15,26,30,self,Number Of Words:Short Identifier Name
tdd/iostubbing/test_write_user_details_iostub.py,15,31,37,values,Number Of Words:Short Identifier Name
tdd/iostubbing/test_write_user_details_iostub.py,16,12,19,ret_val,Number Of Words:Short Identifier Name
tdd/iostubbing/test_write_user_details_iostub.py,16,22,26,self,Number Of Words:Short Identifier Name
tdd/iostubbing/test_write_user_details_iostub.py,16,27,33,values,Number Of Words:Short Identifier Name
tdd/iostubbing/test_write_user_details_iostub.py,16,34,38,self,Number Of Words:Short Identifier Name
tdd/iostubbing/test_write_user_details_iostub.py,16,39,42,cnt,Number Of Words:Short Identifier Name
tdd/iostubbing/test_write_user_details_iostub.py,17,12,16,self,Number Of Words:Short Identifier Name
tdd/iostubbing/test_write_user_details_iostub.py,17,17,20,cnt,Number Of Words:Short Identifier Name
tdd/iostubbing/test_write_user_details_iostub.py,18,19,26,ret_val,Number Of Words:Short Identifier Name
tdd/iostubbing/test_write_user_details_iostub.py,20,18,27,StopError,Capitalization Anomaly
tdd/iostubbing/test_write_user_details_iostub.py,22,6,16,OutputStub,Capitalization Anomaly
tdd/iostubbing/test_write_user_details_iostub.py,22,17,23,object,Number Of Words:Short Identifier Name
tdd/iostubbing/test_write_user_details_iostub.py,23,8,16,__init__,Consecutice Underscores:External Underscores:Number Of Words
tdd/iostubbing/test_write_user_details_iostub.py,23,17,21,self,Number Of Words:Short Identifier Name
tdd/iostubbing/test_write_user_details_iostub.py,24,8,12,self,Number Of Words:Short Identifier Name
tdd/iostubbing/test_write_user_details_iostub.py,24,13,19,values,Number Of Words:Short Identifier Name
tdd/iostubbing/test_write_user_details_iostub.py,26,8,13,write,Number Of Words:Short Identifier Name
tdd/iostubbing/test_write_user_details_iostub.py,26,14,18,self,Number Of Words:Short Identifier Name
tdd/iostubbing/test_write_user_details_iostub.py,26,20,25,value,Number Of Words:Short Identifier Name
tdd/iostubbing/test_write_user_details_iostub.py,27,8,12,self,Number Of Words:Short Identifier Name
tdd/iostubbing/test_write_user_details_iostub.py,27,13,19,values,Number Of Words:Short Identifier Name
tdd/iostubbing/test_write_user_details_iostub.py,27,20,26,append,Number Of Words:Short Identifier Name
tdd/iostubbing/test_write_user_details_iostub.py,27,27,32,value,Number Of Words:Short Identifier Name
tdd/iostubbing/test_write_user_details_iostub.py,29,8,13,close,Number Of Words:Short Identifier Name
tdd/iostubbing/test_write_user_details_iostub.py,29,14,18,self,Number Of Words:Short Identifier Name
tdd/iostubbing/test_write_user_details_iostub.py,30,8,12,self,Number Of Words:Short Identifier Name
tdd/iostubbing/test_write_user_details_iostub.py,30,13,19,closed,Number Of Words:Short Identifier Name
tdd/iostubbing/test_write_user_details_iostub.py,33,6,21,TestUserDetails,Capitalization Anomaly
tdd/iostubbing/test_write_user_details_iostub.py,33,22,30,unittest,Number Of Words
tdd/iostubbing/test_write_user_details_iostub.py,33,31,39,TestCase,Capitalization Anomaly
tdd/iostubbing/test_write_user_details_iostub.py,35,8,33,test_output_file_contents,Number Of Words
tdd/iostubbing/test_write_user_details_iostub.py,35,34,38,self,Number Of Words:Short Identifier Name
tdd/iostubbing/test_write_user_details_iostub.py,36,8,14,values,Number Of Words:Short Identifier Name
tdd/iostubbing/test_write_user_details_iostub.py,37,8,19,output_stub,Number Of Words
tdd/iostubbing/test_write_user_details_iostub.py,37,22,32,OutputStub,Capitalization Anomaly
tdd/iostubbing/test_write_user_details_iostub.py,38,8,26,write_user_details,Number Of Words
tdd/iostubbing/test_write_user_details_iostub.py,38,27,31,open,Number Of Words:Short Identifier Name
tdd/iostubbing/test_write_user_details_iostub.py,38,34,47,gen_open_stub,Number Of Words
tdd/iostubbing/test_write_user_details_iostub.py,38,48,59,output_stub,Number Of Words
tdd/iostubbing/test_write_user_details_iostub.py,39,8,11,sys,Number Of Words:Short Identifier Name
tdd/iostubbing/test_write_user_details_iostub.py,39,12,17,stdin,Number Of Words:Short Identifier Name
tdd/iostubbing/test_write_user_details_iostub.py,39,20,29,InputStub,Capitalization Anomaly
tdd/iostubbing/test_write_user_details_iostub.py,39,30,36,values,Number Of Words:Short Identifier Name
tdd/iostubbing/test_write_user_details_iostub.py,40,8,26,write_user_details,Number Of Words
tdd/iostubbing/test_write_user_details_iostub.py,40,27,43,accept_and_write,Number Of Words
tdd/iostubbing/test_write_user_details_iostub.py,41,8,12,name,Number Of Words:Short Identifier Name
tdd/iostubbing/test_write_user_details_iostub.py,41,15,26,output_stub,Number Of Words
tdd/iostubbing/test_write_user_details_iostub.py,41,27,33,values,Number Of Words:Short Identifier Name
tdd/iostubbing/test_write_user_details_iostub.py,42,8,11,age,Number Of Words:Short Identifier Name
tdd/iostubbing/test_write_user_details_iostub.py,42,14,25,output_stub,Number Of Words
tdd/iostubbing/test_write_user_details_iostub.py,42,26,32,values,Number Of Words:Short Identifier Name
tdd/iostubbing/test_write_user_details_iostub.py,43,8,12,city,Number Of Words:Short Identifier Name
tdd/iostubbing/test_write_user_details_iostub.py,43,15,26,output_stub,Number Of Words
tdd/iostubbing/test_write_user_details_iostub.py,43,27,33,values,Number Of Words:Short Identifier Name
tdd/iostubbing/test_write_user_details_iostub.py,44,8,12,self,Number Of Words:Short Identifier Name
tdd/iostubbing/test_write_user_details_iostub.py,44,13,24,assertEqual,Number Of Words
tdd/iostubbing/test_write_user_details_iostub.py,44,25,29,name,Number Of Words:Short Identifier Name
tdd/iostubbing/test_write_user_details_iostub.py,44,32,35,len,Number Of Words:Short Identifier Name
tdd/iostubbing/test_write_user_details_iostub.py,44,36,40,name,Number Of Words:Short Identifier Name
tdd/iostubbing/test_write_user_details_iostub.py,45,8,12,self,Number Of Words:Short Identifier Name
tdd/iostubbing/test_write_user_details_iostub.py,45,13,24,assertEqual,Number Of Words
tdd/iostubbing/test_write_user_details_iostub.py,45,25,28,age,Number Of Words:Short Identifier Name
tdd/iostubbing/test_write_user_details_iostub.py,45,31,34,len,Number Of Words:Short Identifier Name
tdd/iostubbing/test_write_user_details_iostub.py,45,35,38,age,Number Of Words:Short Identifier Name
tdd/iostubbing/test_write_user_details_iostub.py,46,8,12,self,Number Of Words:Short Identifier Name
tdd/iostubbing/test_write_user_details_iostub.py,46,13,24,assertEqual,Number Of Words
tdd/iostubbing/test_write_user_details_iostub.py,46,25,29,city,Number Of Words:Short Identifier Name
tdd/iostubbing/test_write_user_details_iostub.py,46,32,35,len,Number Of Words:Short Identifier Name
tdd/iostubbing/test_write_user_details_iostub.py,46,36,40,city,Number Of Words:Short Identifier Name
tdd/iostubbing/test_write_user_details_iostub.py,48,3,11,__name__,Consecutice Underscores:External Underscores:Number Of Words
tdd/iostubbing/test_write_user_details_iostub.py,49,4,12,unittest,Number Of Words
tdd/iostubbing/test_write_user_details_iostub.py,49,13,17,main,Number Of Words:Short Identifier Name
tdd/iostubbing/test_write_user_details_istub.py,0,7,15,unittest,Number Of Words
tdd/iostubbing/test_write_user_details_istub.py,1,7,25,write_user_details,Number Of Words
tdd/iostubbing/test_write_user_details_istub.py,2,7,10,sys,Number Of Words:Short Identifier Name
tdd/iostubbing/test_write_user_details_istub.py,4,6,15,InputStub,Capitalization Anomaly
tdd/iostubbing/test_write_user_details_istub.py,4,16,22,object,Number Of Words:Short Identifier Name
tdd/iostubbing/test_write_user_details_istub.py,5,8,16,__init__,Consecutice Underscores:External Underscores:Number Of Words
tdd/iostubbing/test_write_user_details_istub.py,5,17,21,self,Number Of Words:Short Identifier Name
tdd/iostubbing/test_write_user_details_istub.py,5,23,29,values,Number Of Words:Short Identifier Name
tdd/iostubbing/test_write_user_details_istub.py,6,8,12,self,Number Of Words:Short Identifier Name
tdd/iostubbing/test_write_user_details_istub.py,6,13,19,values,Number Of Words:Short Identifier Name
tdd/iostubbing/test_write_user_details_istub.py,6,22,28,values,Number Of Words:Short Identifier Name
tdd/iostubbing/test_write_user_details_istub.py,7,8,12,self,Number Of Words:Short Identifier Name
tdd/iostubbing/test_write_user_details_istub.py,7,13,16,cnt,Number Of Words:Short Identifier Name
tdd/iostubbing/test_write_user_details_istub.py,9,8,16,readline,Number Of Words
tdd/iostubbing/test_write_user_details_istub.py,9,17,21,self,Number Of Words:Short Identifier Name
tdd/iostubbing/test_write_user_details_istub.py,10,11,15,self,Number Of Words:Short Identifier Name
tdd/iostubbing/test_write_user_details_istub.py,10,16,19,cnt,Number Of Words:Short Identifier Name
tdd/iostubbing/test_write_user_details_istub.py,10,22,25,len,Number Of Words:Short Identifier Name
tdd/iostubbing/test_write_user_details_istub.py,10,26,30,self,Number Of Words:Short Identifier Name
tdd/iostubbing/test_write_user_details_istub.py,10,31,37,values,Number Of Words:Short Identifier Name
tdd/iostubbing/test_write_user_details_istub.py,11,12,19,ret_val,Number Of Words:Short Identifier Name
tdd/iostubbing/test_write_user_details_istub.py,11,22,26,self,Number Of Words:Short Identifier Name
tdd/iostubbing/test_write_user_details_istub.py,11,27,33,values,Number Of Words:Short Identifier Name
tdd/iostubbing/test_write_user_details_istub.py,11,34,38,self,Number Of Words:Short Identifier Name
tdd/iostubbing/test_write_user_details_istub.py,11,39,42,cnt,Number Of Words:Short Identifier Name
tdd/iostubbing/test_write_user_details_istub.py,12,12,16,self,Number Of Words:Short Identifier Name
tdd/iostubbing/test_write_user_details_istub.py,12,17,20,cnt,Number Of Words:Short Identifier Name
tdd/iostubbing/test_write_user_details_istub.py,13,19,26,ret_val,Number Of Words:Short Identifier Name
tdd/iostubbing/test_write_user_details_istub.py,15,18,27,StopError,Capitalization Anomaly
tdd/iostubbing/test_write_user_details_istub.py,17,6,21,TestUserDetails,Capitalization Anomaly
tdd/iostubbing/test_write_user_details_istub.py,17,22,30,unittest,Number Of Words
tdd/iostubbing/test_write_user_details_istub.py,17,31,39,TestCase,Capitalization Anomaly
tdd/iostubbing/test_write_user_details_istub.py,19,8,33,test_output_file_contents,Number Of Words
tdd/iostubbing/test_write_user_details_istub.py,19,34,38,self,Number Of Words:Short Identifier Name
tdd/iostubbing/test_write_user_details_istub.py,20,8,14,values,Number Of Words:Short Identifier Name
tdd/iostubbing/test_write_user_details_istub.py,21,8,11,sys,Number Of Words:Short Identifier Name
tdd/iostubbing/test_write_user_details_istub.py,21,12,17,stdin,Number Of Words:Short Identifier Name
tdd/iostubbing/test_write_user_details_istub.py,21,20,29,InputStub,Capitalization Anomaly
tdd/iostubbing/test_write_user_details_istub.py,21,30,36,values,Number Of Words:Short Identifier Name
tdd/iostubbing/test_write_user_details_istub.py,22,8,26,write_user_details,Number Of Words
tdd/iostubbing/test_write_user_details_istub.py,22,27,43,accept_and_write,Number Of Words
tdd/iostubbing/test_write_user_details_istub.py,23,8,10,fp,Number Of Words:Short Identifier Name
tdd/iostubbing/test_write_user_details_istub.py,23,13,17,open,Number Of Words:Short Identifier Name
tdd/iostubbing/test_write_user_details_istub.py,24,8,12,name,Number Of Words:Short Identifier Name
tdd/iostubbing/test_write_user_details_istub.py,24,15,17,fp,Number Of Words:Short Identifier Name
tdd/iostubbing/test_write_user_details_istub.py,24,18,26,readline,Number Of Words
tdd/iostubbing/test_write_user_details_istub.py,25,8,11,age,Number Of Words:Short Identifier Name
tdd/iostubbing/test_write_user_details_istub.py,25,14,16,fp,Number Of Words:Short Identifier Name
tdd/iostubbing/test_write_user_details_istub.py,25,17,25,readline,Number Of Words
tdd/iostubbing/test_write_user_details_istub.py,26,8,12,city,Number Of Words:Short Identifier Name
tdd/iostubbing/test_write_user_details_istub.py,26,15,17,fp,Number Of Words:Short Identifier Name
tdd/iostubbing/test_write_user_details_istub.py,26,18,26,readline,Number Of Words
tdd/iostubbing/test_write_user_details_istub.py,27,8,12,self,Number Of Words:Short Identifier Name
tdd/iostubbing/test_write_user_details_istub.py,27,13,24,assertEqual,Number Of Words
tdd/iostubbing/test_write_user_details_istub.py,27,25,29,name,Number Of Words:Short Identifier Name
tdd/iostubbing/test_write_user_details_istub.py,27,32,35,len,Number Of Words:Short Identifier Name
tdd/iostubbing/test_write_user_details_istub.py,27,36,40,name,Number Of Words:Short Identifier Name
tdd/iostubbing/test_write_user_details_istub.py,28,8,12,self,Number Of Words:Short Identifier Name
tdd/iostubbing/test_write_user_details_istub.py,28,13,24,assertEqual,Number Of Words
tdd/iostubbing/test_write_user_details_istub.py,28,25,28,age,Number Of Words:Short Identifier Name
tdd/iostubbing/test_write_user_details_istub.py,28,31,34,len,Number Of Words:Short Identifier Name
tdd/iostubbing/test_write_user_details_istub.py,28,35,38,age,Number Of Words:Short Identifier Name
tdd/iostubbing/test_write_user_details_istub.py,29,8,12,self,Number Of Words:Short Identifier Name
tdd/iostubbing/test_write_user_details_istub.py,29,13,24,assertEqual,Number Of Words
tdd/iostubbing/test_write_user_details_istub.py,29,25,29,city,Number Of Words:Short Identifier Name
tdd/iostubbing/test_write_user_details_istub.py,29,32,35,len,Number Of Words:Short Identifier Name
tdd/iostubbing/test_write_user_details_istub.py,29,36,40,city,Number Of Words:Short Identifier Name
tdd/iostubbing/test_write_user_details_istub.py,31,3,11,__name__,Consecutice Underscores:External Underscores:Number Of Words
tdd/iostubbing/test_write_user_details_istub.py,32,4,12,unittest,Number Of Words
tdd/iostubbing/test_write_user_details_istub.py,32,13,17,main,Number Of Words:Short Identifier Name
tdd/iostubbing/test_write_user_details_mock.py,0,7,15,unittest,Number Of Words
tdd/iostubbing/test_write_user_details_mock.py,1,7,28,write_user_details_di,Number Of Words
tdd/iostubbing/test_write_user_details_mock.py,2,7,10,sys,Number Of Words:Short Identifier Name
tdd/iostubbing/test_write_user_details_mock.py,3,7,13,pymock,Number Of Words:Short Identifier Name
tdd/iostubbing/test_write_user_details_mock.py,5,6,21,TestUserDetails,Capitalization Anomaly
tdd/iostubbing/test_write_user_details_mock.py,5,22,28,pymock,Number Of Words:Short Identifier Name
tdd/iostubbing/test_write_user_details_mock.py,5,29,43,PyMockTestCase,Capitalization Anomaly
tdd/iostubbing/test_write_user_details_mock.py,7,8,33,test_output_file_contents,Number Of Words
tdd/iostubbing/test_write_user_details_mock.py,7,34,38,self,Number Of Words:Short Identifier Name
tdd/iostubbing/test_write_user_details_mock.py,9,8,26,raw_input_provider,Number Of Words
tdd/iostubbing/test_write_user_details_mock.py,9,29,33,self,Number Of Words:Short Identifier Name
tdd/iostubbing/test_write_user_details_mock.py,9,34,38,mock,Number Of Words:Short Identifier Name
tdd/iostubbing/test_write_user_details_mock.py,10,8,22,mock_raw_input,Number Of Words
tdd/iostubbing/test_write_user_details_mock.py,10,25,43,raw_input_provider,Number Of Words
tdd/iostubbing/test_write_user_details_mock.py,10,44,53,raw_input,Number Of Words
tdd/iostubbing/test_write_user_details_mock.py,11,8,12,self,Number Of Words:Short Identifier Name
tdd/iostubbing/test_write_user_details_mock.py,11,13,28,expectAndReturn,
tdd/iostubbing/test_write_user_details_mock.py,11,29,43,mock_raw_input,Number Of Words
tdd/iostubbing/test_write_user_details_mock.py,12,8,12,self,Number Of Words:Short Identifier Name
tdd/iostubbing/test_write_user_details_mock.py,12,13,28,expectAndReturn,
tdd/iostubbing/test_write_user_details_mock.py,12,29,43,mock_raw_input,Number Of Words
tdd/iostubbing/test_write_user_details_mock.py,13,8,12,self,Number Of Words:Short Identifier Name
tdd/iostubbing/test_write_user_details_mock.py,13,13,28,expectAndReturn,
tdd/iostubbing/test_write_user_details_mock.py,13,29,43,mock_raw_input,Number Of Words
tdd/iostubbing/test_write_user_details_mock.py,16,8,29,mock_opener_interface,Number Of Words
tdd/iostubbing/test_write_user_details_mock.py,16,32,36,self,Number Of Words:Short Identifier Name
tdd/iostubbing/test_write_user_details_mock.py,16,37,41,mock,Number Of Words:Short Identifier Name
tdd/iostubbing/test_write_user_details_mock.py,17,8,17,mock_file,Number Of Words
tdd/iostubbing/test_write_user_details_mock.py,17,20,24,self,Number Of Words:Short Identifier Name
tdd/iostubbing/test_write_user_details_mock.py,17,25,29,mock,Number Of Words:Short Identifier Name
tdd/iostubbing/test_write_user_details_mock.py,18,8,12,self,Number Of Words:Short Identifier Name
tdd/iostubbing/test_write_user_details_mock.py,18,13,28,expectAndReturn,
tdd/iostubbing/test_write_user_details_mock.py,18,29,50,mock_opener_interface,Number Of Words
tdd/iostubbing/test_write_user_details_mock.py,18,51,55,open,Number Of Words:Short Identifier Name
tdd/iostubbing/test_write_user_details_mock.py,18,73,82,mock_file,Number Of Words
tdd/iostubbing/test_write_user_details_mock.py,19,8,17,mock_file,Number Of Words
tdd/iostubbing/test_write_user_details_mock.py,19,18,23,write,Number Of Words:Short Identifier Name
tdd/iostubbing/test_write_user_details_mock.py,20,8,17,mock_file,Number Of Words
tdd/iostubbing/test_write_user_details_mock.py,20,18,23,write,Number Of Words:Short Identifier Name
tdd/iostubbing/test_write_user_details_mock.py,21,8,17,mock_file,Number Of Words
tdd/iostubbing/test_write_user_details_mock.py,21,18,23,write,Number Of Words:Short Identifier Name
tdd/iostubbing/test_write_user_details_mock.py,22,8,17,mock_file,Number Of Words
tdd/iostubbing/test_write_user_details_mock.py,22,18,23,close,Number Of Words:Short Identifier Name
tdd/iostubbing/test_write_user_details_mock.py,25,8,12,self,Number Of Words:Short Identifier Name
tdd/iostubbing/test_write_user_details_mock.py,25,13,19,replay,Number Of Words:Short Identifier Name
tdd/iostubbing/test_write_user_details_mock.py,28,8,29,write_user_details_di,Number Of Words
tdd/iostubbing/test_write_user_details_mock.py,28,30,46,accept_and_write,Number Of Words
tdd/iostubbing/test_write_user_details_mock.py,28,47,53,iproxy,Number Of Words:Short Identifier Name
tdd/iostubbing/test_write_user_details_mock.py,28,54,72,raw_input_provider,Number Of Words
tdd/iostubbing/test_write_user_details_mock.py,28,73,82,raw_input,Number Of Words
tdd/iostubbing/test_write_user_details_mock.py,28,84,90,opener,Number Of Words:Short Identifier Name
tdd/iostubbing/test_write_user_details_mock.py,28,91,112,mock_opener_interface,Number Of Words
tdd/iostubbing/test_write_user_details_mock.py,28,113,117,open,Number Of Words:Short Identifier Name
tdd/iostubbing/test_write_user_details_mock.py,31,8,12,self,Number Of Words:Short Identifier Name
tdd/iostubbing/test_write_user_details_mock.py,31,13,19,verify,Number Of Words:Short Identifier Name
tdd/iostubbing/test_write_user_details_mock.py,34,3,11,__name__,Consecutice Underscores:External Underscores:Number Of Words
tdd/iostubbing/test_write_user_details_mock.py,35,4,12,unittest,Number Of Words
tdd/iostubbing/test_write_user_details_mock.py,35,13,17,main,Number Of Words:Short Identifier Name
tdd/iostubbing/write_user_details.py,5,4,20,accept_and_write,Number Of Words
tdd/iostubbing/write_user_details.py,6,4,8,name,Number Of Words:Short Identifier Name
tdd/iostubbing/write_user_details.py,6,11,20,raw_input,Number Of Words
tdd/iostubbing/write_user_details.py,7,4,7,age,Number Of Words:Short Identifier Name
tdd/iostubbing/write_user_details.py,7,10,19,raw_input,Number Of Words
tdd/iostubbing/write_user_details.py,8,4,8,city,Number Of Words:Short Identifier Name
tdd/iostubbing/write_user_details.py,8,11,20,raw_input,Number Of Words
tdd/iostubbing/write_user_details.py,10,4,6,fp,Number Of Words:Short Identifier Name
tdd/iostubbing/write_user_details.py,10,9,13,open,Number Of Words:Short Identifier Name
tdd/iostubbing/write_user_details.py,10,14,18,name,Number Of Words:Short Identifier Name
tdd/iostubbing/write_user_details.py,11,4,6,fp,Number Of Words:Short Identifier Name
tdd/iostubbing/write_user_details.py,11,7,12,write,Number Of Words:Short Identifier Name
tdd/iostubbing/write_user_details.py,11,29,33,name,Number Of Words:Short Identifier Name
tdd/iostubbing/write_user_details.py,12,4,6,fp,Number Of Words:Short Identifier Name
tdd/iostubbing/write_user_details.py,12,7,12,write,Number Of Words:Short Identifier Name
tdd/iostubbing/write_user_details.py,12,28,31,age,Number Of Words:Short Identifier Name
tdd/iostubbing/write_user_details.py,13,4,6,fp,Number Of Words:Short Identifier Name
tdd/iostubbing/write_user_details.py,13,7,12,write,Number Of Words:Short Identifier Name
tdd/iostubbing/write_user_details.py,13,29,33,city,Number Of Words:Short Identifier Name
tdd/iostubbing/write_user_details.py,14,4,6,fp,Number Of Words:Short Identifier Name
tdd/iostubbing/write_user_details.py,14,7,12,close,Number Of Words:Short Identifier Name
tdd/iostubbing/write_user_details.py,16,3,11,__name__,Consecutice Underscores:External Underscores:Number Of Words
tdd/iostubbing/write_user_details.py,17,4,20,accept_and_write,Number Of Words
tdd/iostubbing/write_user_details_di.py,5,6,16,InputProxy,Capitalization Anomaly
tdd/iostubbing/write_user_details_di.py,6,8,17,raw_input,Number Of Words
tdd/iostubbing/write_user_details_di.py,6,18,22,self,Number Of Words:Short Identifier Name
tdd/iostubbing/write_user_details_di.py,6,24,27,msg,Number Of Words:Short Identifier Name
tdd/iostubbing/write_user_details_di.py,7,15,24,raw_input,Number Of Words
tdd/iostubbing/write_user_details_di.py,7,25,28,msg,Number Of Words:Short Identifier Name
tdd/iostubbing/write_user_details_di.py,10,4,20,accept_and_write,Number Of Words
tdd/iostubbing/write_user_details_di.py,10,21,27,iproxy,Number Of Words:Short Identifier Name
tdd/iostubbing/write_user_details_di.py,10,28,37,raw_input,Number Of Words
tdd/iostubbing/write_user_details_di.py,10,39,45,opener,Number Of Words:Short Identifier Name
tdd/iostubbing/write_user_details_di.py,10,46,50,open,Number Of Words:Short Identifier Name
tdd/iostubbing/write_user_details_di.py,11,4,8,name,Number Of Words:Short Identifier Name
tdd/iostubbing/write_user_details_di.py,11,11,17,iproxy,Number Of Words:Short Identifier Name
tdd/iostubbing/write_user_details_di.py,12,4,7,age,Number Of Words:Short Identifier Name
tdd/iostubbing/write_user_details_di.py,12,10,16,iproxy,Number Of Words:Short Identifier Name
tdd/iostubbing/write_user_details_di.py,13,4,8,city,Number Of Words:Short Identifier Name
tdd/iostubbing/write_user_details_di.py,13,11,17,iproxy,Number Of Words:Short Identifier Name
tdd/iostubbing/write_user_details_di.py,15,4,6,fp,Number Of Words:Short Identifier Name
tdd/iostubbing/write_user_details_di.py,15,9,15,opener,Number Of Words:Short Identifier Name
tdd/iostubbing/write_user_details_di.py,15,16,20,name,Number Of Words:Short Identifier Name
tdd/iostubbing/write_user_details_di.py,16,4,6,fp,Number Of Words:Short Identifier Name
tdd/iostubbing/write_user_details_di.py,16,7,12,write,Number Of Words:Short Identifier Name
tdd/iostubbing/write_user_details_di.py,16,29,33,name,Number Of Words:Short Identifier Name
tdd/iostubbing/write_user_details_di.py,17,4,6,fp,Number Of Words:Short Identifier Name
tdd/iostubbing/write_user_details_di.py,17,7,12,write,Number Of Words:Short Identifier Name
tdd/iostubbing/write_user_details_di.py,17,28,31,age,Number Of Words:Short Identifier Name
tdd/iostubbing/write_user_details_di.py,18,4,6,fp,Number Of Words:Short Identifier Name
tdd/iostubbing/write_user_details_di.py,18,7,12,write,Number Of Words:Short Identifier Name
tdd/iostubbing/write_user_details_di.py,18,29,33,city,Number Of Words:Short Identifier Name
tdd/iostubbing/write_user_details_di.py,19,4,6,fp,Number Of Words:Short Identifier Name
tdd/iostubbing/write_user_details_di.py,19,7,12,close,Number Of Words:Short Identifier Name
tdd/transformations/MailerProg.py,0,7,9,os,Number Of Words:Short Identifier Name
tdd/transformations/MailerProg.py,1,7,9,re,Number Of Words:Short Identifier Name
tdd/transformations/MailerProg.py,12,4,16,get_all_msgs,Number Of Words
tdd/transformations/MailerProg.py,13,4,8,msgs,Number Of Words:Short Identifier Name
tdd/transformations/MailerProg.py,14,4,18,msg_file_names,Number Of Words
tdd/transformations/MailerProg.py,14,21,35,find_msg_files,Number Of Words
tdd/transformations/MailerProg.py,15,8,21,msg_file_name,Number Of Words
tdd/transformations/MailerProg.py,15,25,39,msg_file_names,Number Of Words
tdd/transformations/MailerProg.py,16,8,12,msgs,Number Of Words:Short Identifier Name
tdd/transformations/MailerProg.py,16,13,19,append,Number Of Words:Short Identifier Name
tdd/transformations/MailerProg.py,16,20,34,parse_msg_file,Number Of Words
tdd/transformations/MailerProg.py,16,35,48,msg_file_name,Number Of Words
tdd/transformations/MailerProg.py,17,11,15,msgs,Number Of Words:Short Identifier Name
tdd/transformations/MailerProg.py,19,4,18,find_msg_files,Number Of Words
tdd/transformations/MailerProg.py,19,19,20,d,Number Of Words
tdd/transformations/MailerProg.py,20,12,13,f,Number Of Words:Short Identifier Name
tdd/transformations/MailerProg.py,20,18,19,f,Number Of Words:Short Identifier Name
tdd/transformations/MailerProg.py,20,23,25,os,Number Of Words:Short Identifier Name
tdd/transformations/MailerProg.py,20,26,33,listdir,Number Of Words:Short Identifier Name
tdd/transformations/MailerProg.py,20,34,35,d,Number Of Words
tdd/transformations/MailerProg.py,20,40,41,f,Number Of Words:Short Identifier Name
tdd/transformations/MailerProg.py,20,42,50,endswith,Number Of Words
tdd/transformations/MailerProg.py,22,4,18,parse_msg_file,Number Of Words
tdd/transformations/MailerProg.py,22,19,24,fname,Number Of Words:Short Identifier Name
tdd/transformations/MailerProg.py,23,4,6,fp,Number Of Words:Short Identifier Name
tdd/transformations/MailerProg.py,23,9,13,open,Number Of Words:Short Identifier Name
tdd/transformations/MailerProg.py,23,14,19,fname,Number Of Words:Short Identifier Name
tdd/transformations/MailerProg.py,24,4,16,reading_body,Number Of Words
tdd/transformations/MailerProg.py,25,4,9,ffrom,Number Of Words:Short Identifier Name
tdd/transformations/MailerProg.py,26,4,6,to,Number Of Words:Short Identifier Name
tdd/transformations/MailerProg.py,27,4,6,cc,Number Of Words:Short Identifier Name
tdd/transformations/MailerProg.py,28,4,10,tstamp,Number Of Words:Short Identifier Name
tdd/transformations/MailerProg.py,29,4,8,mime,Number Of Words:Short Identifier Name
tdd/transformations/MailerProg.py,30,4,8,body,Number Of Words:Short Identifier Name
tdd/transformations/MailerProg.py,31,8,12,line,Number Of Words:Short Identifier Name
tdd/transformations/MailerProg.py,31,16,18,fp,Number Of Words:Short Identifier Name
tdd/transformations/MailerProg.py,31,19,28,readlines,Number Of Words
tdd/transformations/MailerProg.py,32,11,23,reading_body,Number Of Words
tdd/transformations/MailerProg.py,33,12,16,body,Number Of Words:Short Identifier Name
tdd/transformations/MailerProg.py,33,20,24,line,Number Of Words:Short Identifier Name
tdd/transformations/MailerProg.py,35,15,19,line,Number Of Words:Short Identifier Name
tdd/transformations/MailerProg.py,35,20,30,startswith,Number Of Words
tdd/transformations/MailerProg.py,36,16,18,to,Number Of Words:Short Identifier Name
tdd/transformations/MailerProg.py,36,21,25,line,Number Of Words:Short Identifier Name
tdd/transformations/MailerProg.py,36,26,29,len,Number Of Words:Short Identifier Name
tdd/transformations/MailerProg.py,37,16,18,to,Number Of Words:Short Identifier Name
tdd/transformations/MailerProg.py,37,21,43,__remove_newline_chars,Consecutice Underscores:External Underscores:Number Of Words
tdd/transformations/MailerProg.py,37,44,46,to,Number Of Words:Short Identifier Name
tdd/transformations/MailerProg.py,38,17,21,line,Number Of Words:Short Identifier Name
tdd/transformations/MailerProg.py,38,22,32,startswith,Number Of Words
tdd/transformations/MailerProg.py,39,16,21,ffrom,Number Of Words:Short Identifier Name
tdd/transformations/MailerProg.py,39,24,28,line,Number Of Words:Short Identifier Name
tdd/transformations/MailerProg.py,39,29,32,len,Number Of Words:Short Identifier Name
tdd/transformations/MailerProg.py,40,16,21,ffrom,Number Of Words:Short Identifier Name
tdd/transformations/MailerProg.py,40,24,46,__remove_newline_chars,Consecutice Underscores:External Underscores:Number Of Words
tdd/transformations/MailerProg.py,40,47,52,ffrom,Number Of Words:Short Identifier Name
tdd/transformations/MailerProg.py,41,17,21,line,Number Of Words:Short Identifier Name
tdd/transformations/MailerProg.py,41,22,32,startswith,Number Of Words
tdd/transformations/MailerProg.py,42,16,18,cc,Number Of Words:Short Identifier Name
tdd/transformations/MailerProg.py,42,21,25,line,Number Of Words:Short Identifier Name
tdd/transformations/MailerProg.py,42,26,29,len,Number Of Words:Short Identifier Name
tdd/transformations/MailerProg.py,43,16,18,cc,Number Of Words:Short Identifier Name
tdd/transformations/MailerProg.py,43,21,43,__remove_newline_chars,Consecutice Underscores:External Underscores:Number Of Words
tdd/transformations/MailerProg.py,43,44,46,cc,Number Of Words:Short Identifier Name
tdd/transformations/MailerProg.py,44,17,21,line,Number Of Words:Short Identifier Name
tdd/transformations/MailerProg.py,44,22,32,startswith,Number Of Words
tdd/transformations/MailerProg.py,45,16,22,tstamp,Number Of Words:Short Identifier Name
tdd/transformations/MailerProg.py,45,25,29,line,Number Of Words:Short Identifier Name
tdd/transformations/MailerProg.py,45,30,33,len,Number Of Words:Short Identifier Name
tdd/transformations/MailerProg.py,46,16,22,tstamp,Number Of Words:Short Identifier Name
tdd/transformations/MailerProg.py,46,25,47,__remove_newline_chars,Consecutice Underscores:External Underscores:Number Of Words
tdd/transformations/MailerProg.py,46,48,54,tstamp,Number Of Words:Short Identifier Name
tdd/transformations/MailerProg.py,47,17,21,line,Number Of Words:Short Identifier Name
tdd/transformations/MailerProg.py,47,22,32,startswith,Number Of Words
tdd/transformations/MailerProg.py,48,16,20,mime,Number Of Words:Short Identifier Name
tdd/transformations/MailerProg.py,48,23,27,line,Number Of Words:Short Identifier Name
tdd/transformations/MailerProg.py,48,28,31,len,Number Of Words:Short Identifier Name
tdd/transformations/MailerProg.py,49,16,20,mime,Number Of Words:Short Identifier Name
tdd/transformations/MailerProg.py,49,23,45,__remove_newline_chars,Consecutice Underscores:External Underscores:Number Of Words
tdd/transformations/MailerProg.py,49,46,50,mime,Number Of Words:Short Identifier Name
tdd/transformations/MailerProg.py,50,17,21,line,Number Of Words:Short Identifier Name
tdd/transformations/MailerProg.py,50,22,32,startswith,Number Of Words
tdd/transformations/MailerProg.py,51,16,28,reading_body,Number Of Words
tdd/transformations/MailerProg.py,53,11,14,Msg,Capitalization Anomaly:Number Of Words:Short Identifier Name
tdd/transformations/MailerProg.py,53,15,17,to,Number Of Words:Short Identifier Name
tdd/transformations/MailerProg.py,53,18,20,to,Number Of Words:Short Identifier Name
tdd/transformations/MailerProg.py,53,22,27,ffrom,Number Of Words:Short Identifier Name
tdd/transformations/MailerProg.py,53,28,33,ffrom,Number Of Words:Short Identifier Name
tdd/transformations/MailerProg.py,53,35,37,cc,Number Of Words:Short Identifier Name
tdd/transformations/MailerProg.py,53,38,40,cc,Number Of Words:Short Identifier Name
tdd/transformations/MailerProg.py,53,42,48,tstamp,Number Of Words:Short Identifier Name
tdd/transformations/MailerProg.py,53,49,55,tstamp,Number Of Words:Short Identifier Name
tdd/transformations/MailerProg.py,53,57,61,mime,Number Of Words:Short Identifier Name
tdd/transformations/MailerProg.py,53,62,66,mime,Number Of Words:Short Identifier Name
tdd/transformations/MailerProg.py,53,68,72,body,Number Of Words:Short Identifier Name
tdd/transformations/MailerProg.py,53,73,77,body,Number Of Words:Short Identifier Name
tdd/transformations/MailerProg.py,55,4,26,__remove_newline_chars,Consecutice Underscores:External Underscores:Number Of Words
tdd/transformations/MailerProg.py,55,27,28,s,Number Of Words:Short Identifier Name
tdd/transformations/MailerProg.py,56,4,5,s,Number Of Words:Short Identifier Name
tdd/transformations/MailerProg.py,56,8,9,s,Number Of Words:Short Identifier Name
tdd/transformations/MailerProg.py,56,10,17,replace,Number Of Words:Short Identifier Name
tdd/transformations/MailerProg.py,57,4,5,s,Number Of Words:Short Identifier Name
tdd/transformations/MailerProg.py,57,8,9,s,Number Of Words:Short Identifier Name
tdd/transformations/MailerProg.py,57,10,17,replace,Number Of Words:Short Identifier Name
tdd/transformations/MailerProg.py,58,11,12,s,Number Of Words:Short Identifier Name
tdd/transformations/MailerProg.py,60,6,9,Msg,Capitalization Anomaly:Number Of Words:Short Identifier Name
tdd/transformations/MailerProg.py,60,10,16,object,Number Of Words:Short Identifier Name
tdd/transformations/MailerProg.py,61,8,16,__init__,Consecutice Underscores:External Underscores:Number Of Words
tdd/transformations/MailerProg.py,61,17,21,self,Number Of Words:Short Identifier Name
tdd/transformations/MailerProg.py,61,23,28,ffrom,Number Of Words:Short Identifier Name
tdd/transformations/MailerProg.py,61,33,35,to,Number Of Words:Short Identifier Name
tdd/transformations/MailerProg.py,61,40,42,cc,Number Of Words:Short Identifier Name
tdd/transformations/MailerProg.py,61,47,53,tstamp,Number Of Words:Short Identifier Name
tdd/transformations/MailerProg.py,61,58,62,mime,Number Of Words:Short Identifier Name
tdd/transformations/MailerProg.py,61,67,71,body,Number Of Words:Short Identifier Name
tdd/transformations/MailerProg.py,62,8,12,self,Number Of Words:Short Identifier Name
tdd/transformations/MailerProg.py,62,13,18,ffrom,Number Of Words:Short Identifier Name
tdd/transformations/MailerProg.py,62,21,26,ffrom,Number Of Words:Short Identifier Name
tdd/transformations/MailerProg.py,63,8,12,self,Number Of Words:Short Identifier Name
tdd/transformations/MailerProg.py,63,13,15,to,Number Of Words:Short Identifier Name
tdd/transformations/MailerProg.py,64,8,12,self,Number Of Words:Short Identifier Name
tdd/transformations/MailerProg.py,64,13,15,cc,Number Of Words:Short Identifier Name
tdd/transformations/MailerProg.py,65,8,12,self,Number Of Words:Short Identifier Name
tdd/transformations/MailerProg.py,65,13,19,tstamp,Number Of Words:Short Identifier Name
tdd/transformations/MailerProg.py,65,22,28,tstamp,Number Of Words:Short Identifier Name
tdd/transformations/MailerProg.py,66,8,12,self,Number Of Words:Short Identifier Name
tdd/transformations/MailerProg.py,66,13,17,mime,Number Of Words:Short Identifier Name
tdd/transformations/MailerProg.py,66,20,24,mime,Number Of Words:Short Identifier Name
tdd/transformations/MailerProg.py,67,8,12,self,Number Of Words:Short Identifier Name
tdd/transformations/MailerProg.py,67,13,17,body,Number Of Words:Short Identifier Name
tdd/transformations/MailerProg.py,67,20,24,body,Number Of Words:Short Identifier Name
tdd/transformations/MailerProg.py,68,8,12,self,Number Of Words:Short Identifier Name
tdd/transformations/MailerProg.py,68,13,15,to,Number Of Words:Short Identifier Name
tdd/transformations/MailerProg.py,68,18,20,re,Number Of Words:Short Identifier Name
tdd/transformations/MailerProg.py,68,21,26,split,Number Of Words:Short Identifier Name
tdd/transformations/MailerProg.py,68,35,37,to,Number Of Words:Short Identifier Name
tdd/transformations/MailerProg.py,69,17,21,self,Number Of Words:Short Identifier Name
tdd/transformations/MailerProg.py,69,22,24,to,Number Of Words:Short Identifier Name
tdd/transformations/MailerProg.py,70,12,16,self,Number Of Words:Short Identifier Name
tdd/transformations/MailerProg.py,70,17,19,to,Number Of Words:Short Identifier Name
tdd/transformations/MailerProg.py,70,20,26,remove,Number Of Words:Short Identifier Name
tdd/transformations/MailerProg.py,71,8,12,self,Number Of Words:Short Identifier Name
tdd/transformations/MailerProg.py,71,13,15,cc,Number Of Words:Short Identifier Name
tdd/transformations/MailerProg.py,71,18,20,re,Number Of Words:Short Identifier Name
tdd/transformations/MailerProg.py,71,21,26,split,Number Of Words:Short Identifier Name
tdd/transformations/MailerProg.py,71,35,37,cc,Number Of Words:Short Identifier Name
tdd/transformations/MailerProg.py,72,17,21,self,Number Of Words:Short Identifier Name
tdd/transformations/MailerProg.py,72,22,24,cc,Number Of Words:Short Identifier Name
tdd/transformations/MailerProg.py,73,12,16,self,Number Of Words:Short Identifier Name
tdd/transformations/MailerProg.py,73,17,19,cc,Number Of Words:Short Identifier Name
tdd/transformations/MailerProg.py,73,20,26,remove,Number Of Words:Short Identifier Name
tdd/transformations/MailerProg.py,75,8,15,__str__,Consecutice Underscores:External Underscores:Number Of Words:Short Identifier Name
tdd/transformations/MailerProg.py,75,16,20,self,Number Of Words:Short Identifier Name
tdd/transformations/MailerProg.py,82,15,19,self,Number Of Words:Short Identifier Name
tdd/transformations/MailerProg.py,82,20,25,ffrom,Number Of Words:Short Identifier Name
tdd/transformations/MailerProg.py,82,27,31,self,Number Of Words:Short Identifier Name
tdd/transformations/MailerProg.py,82,32,34,to,Number Of Words:Short Identifier Name
tdd/transformations/MailerProg.py,82,36,40,self,Number Of Words:Short Identifier Name
tdd/transformations/MailerProg.py,82,41,43,cc,Number Of Words:Short Identifier Name
tdd/transformations/MailerProg.py,82,45,49,self,Number Of Words:Short Identifier Name
tdd/transformations/MailerProg.py,82,50,54,mime,Number Of Words:Short Identifier Name
tdd/transformations/MailerProg.py,82,56,60,self,Number Of Words:Short Identifier Name
tdd/transformations/MailerProg.py,82,61,67,tstamp,Number Of Words:Short Identifier Name
tdd/transformations/MailerProg.py,82,69,73,self,Number Of Words:Short Identifier Name
tdd/transformations/MailerProg.py,82,74,78,body,Number Of Words:Short Identifier Name
tdd/transformations/MailerProg.py,87,17,25,__name__,Consecutice Underscores:External Underscores:Number Of Words
tdd/transformations/MailerProg.py,88,10,24,find_msg_files,Number Of Words
tdd/transformations/Msg2Xml.py,0,5,8,xml,Number Of Words:Short Identifier Name
tdd/transformations/Msg2Xml.py,0,9,14,etree,Number Of Words:Short Identifier Name
tdd/transformations/Msg2Xml.py,0,15,26,ElementTree,Capitalization Anomaly
tdd/transformations/Msg2Xml.py,0,34,41,Element,Capitalization Anomaly:Number Of Words:Short Identifier Name
tdd/transformations/Msg2Xml.py,0,43,53,SubElement,Capitalization Anomaly
tdd/transformations/Msg2Xml.py,0,55,62,Comment,Capitalization Anomaly:Number Of Words:Short Identifier Name
tdd/transformations/Msg2Xml.py,0,64,72,tostring,Number Of Words
tdd/transformations/Msg2Xml.py,2,0,3,top,Number Of Words:Short Identifier Name
tdd/transformations/Msg2Xml.py,2,6,13,Element,Capitalization Anomaly:Number Of Words:Short Identifier Name
tdd/transformations/Msg2Xml.py,4,0,7,comment,Number Of Words:Short Identifier Name
tdd/transformations/Msg2Xml.py,4,10,17,Comment,Capitalization Anomaly:Number Of Words:Short Identifier Name
tdd/transformations/Msg2Xml.py,5,0,3,top,Number Of Words:Short Identifier Name
tdd/transformations/Msg2Xml.py,5,4,10,append,Number Of Words:Short Identifier Name
tdd/transformations/Msg2Xml.py,5,11,18,comment,Number Of Words:Short Identifier Name
tdd/transformations/Msg2Xml.py,7,0,5,child,Number Of Words:Short Identifier Name
tdd/transformations/Msg2Xml.py,7,8,18,SubElement,Capitalization Anomaly
tdd/transformations/Msg2Xml.py,7,19,22,top,Number Of Words:Short Identifier Name
tdd/transformations/Msg2Xml.py,8,0,5,child,Number Of Words:Short Identifier Name
tdd/transformations/Msg2Xml.py,8,6,10,text,Number Of Words:Short Identifier Name
tdd/transformations/Msg2Xml.py,10,0,15,child_with_tail,Number Of Words
tdd/transformations/Msg2Xml.py,10,18,28,SubElement,Capitalization Anomaly
tdd/transformations/Msg2Xml.py,10,29,32,top,Number Of Words:Short Identifier Name
tdd/transformations/Msg2Xml.py,11,0,15,child_with_tail,Number Of Words
tdd/transformations/Msg2Xml.py,11,16,20,text,Number Of Words:Short Identifier Name
tdd/transformations/Msg2Xml.py,12,0,15,child_with_tail,Number Of Words
tdd/transformations/Msg2Xml.py,12,16,20,tail,Number Of Words:Short Identifier Name
tdd/transformations/Msg2Xml.py,14,0,21,child_with_entity_ref,Number Of Words
tdd/transformations/Msg2Xml.py,14,24,34,SubElement,Capitalization Anomaly
tdd/transformations/Msg2Xml.py,14,35,38,top,Number Of Words:Short Identifier Name
tdd/transformations/Msg2Xml.py,15,0,21,child_with_entity_ref,Number Of Words
tdd/transformations/Msg2Xml.py,15,22,26,text,Number Of Words:Short Identifier Name
tdd/transformations/Msg2Xml.py,17,6,14,tostring,Number Of Words
tdd/transformations/Msg2Xml.py,17,15,18,top,Number Of Words:Short Identifier Name
tdd/transformations/TestMailerProg.py,0,7,15,unittest,Number Of Words
tdd/transformations/TestMailerProg.py,1,7,17,MailerProg,Capitalization Anomaly
tdd/transformations/TestMailerProg.py,2,7,9,os,Number Of Words:Short Identifier Name
tdd/transformations/TestMailerProg.py,4,6,20,TestMailerProg,Capitalization Anomaly
tdd/transformations/TestMailerProg.py,4,21,29,unittest,Number Of Words
tdd/transformations/TestMailerProg.py,4,30,38,TestCase,Capitalization Anomaly
tdd/transformations/TestMailerProg.py,6,8,13,setUp,Number Of Words:Short Identifier Name
tdd/transformations/TestMailerProg.py,6,14,18,self,Number Of Words:Short Identifier Name
tdd/transformations/TestMailerProg.py,7,8,13,super,Number Of Words:Short Identifier Name
tdd/transformations/TestMailerProg.py,7,14,28,TestMailerProg,Capitalization Anomaly
tdd/transformations/TestMailerProg.py,7,30,34,self,Number Of Words:Short Identifier Name
tdd/transformations/TestMailerProg.py,7,36,41,setUp,Number Of Words:Short Identifier Name
tdd/transformations/TestMailerProg.py,9,8,16,tearDown,Number Of Words
tdd/transformations/TestMailerProg.py,9,17,21,self,Number Of Words:Short Identifier Name
tdd/transformations/TestMailerProg.py,10,8,13,super,Number Of Words:Short Identifier Name
tdd/transformations/TestMailerProg.py,10,14,28,TestMailerProg,Capitalization Anomaly
tdd/transformations/TestMailerProg.py,10,30,34,self,Number Of Words:Short Identifier Name
tdd/transformations/TestMailerProg.py,10,36,44,tearDown,Number Of Words
tdd/transformations/TestMailerProg.py,12,8,27,test_find_msg_files,Number Of Words
tdd/transformations/TestMailerProg.py,12,28,32,self,Number Of Words:Short Identifier Name
tdd/transformations/TestMailerProg.py,13,8,11,fqn,Number Of Words:Short Identifier Name
tdd/transformations/TestMailerProg.py,13,14,16,os,Number Of Words:Short Identifier Name
tdd/transformations/TestMailerProg.py,13,17,21,path,Number Of Words:Short Identifier Name
tdd/transformations/TestMailerProg.py,13,22,29,abspath,Number Of Words:Short Identifier Name
tdd/transformations/TestMailerProg.py,13,30,38,__file__,Consecutice Underscores:External Underscores:Number Of Words
tdd/transformations/TestMailerProg.py,14,8,17,msg_files,Number Of Words
tdd/transformations/TestMailerProg.py,14,20,30,MailerProg,Capitalization Anomaly
tdd/transformations/TestMailerProg.py,14,31,45,find_msg_files,Number Of Words
tdd/transformations/TestMailerProg.py,14,46,49,fqn,Number Of Words:Short Identifier Name
tdd/transformations/TestMailerProg.py,14,52,55,fqn,Number Of Words:Short Identifier Name
tdd/transformations/TestMailerProg.py,14,56,61,rfind,Number Of Words:Short Identifier Name
tdd/transformations/TestMailerProg.py,15,8,12,self,Number Of Words:Short Identifier Name
tdd/transformations/TestMailerProg.py,15,13,24,assertEqual,Number Of Words
tdd/transformations/TestMailerProg.py,15,28,31,len,Number Of Words:Short Identifier Name
tdd/transformations/TestMailerProg.py,15,32,41,msg_files,Number Of Words
tdd/transformations/TestMailerProg.py,16,8,12,self,Number Of Words:Short Identifier Name
tdd/transformations/TestMailerProg.py,16,13,23,assertTrue,Number Of Words
tdd/transformations/TestMailerProg.py,16,40,49,msg_files,Number Of Words
tdd/transformations/TestMailerProg.py,17,8,12,self,Number Of Words:Short Identifier Name
tdd/transformations/TestMailerProg.py,17,13,23,assertTrue,Number Of Words
tdd/transformations/TestMailerProg.py,17,40,49,msg_files,Number Of Words
tdd/transformations/TestMailerProg.py,18,8,12,self,Number Of Words:Short Identifier Name
tdd/transformations/TestMailerProg.py,18,13,23,assertTrue,Number Of Words
tdd/transformations/TestMailerProg.py,18,40,49,msg_files,Number Of Words
tdd/transformations/TestMailerProg.py,19,8,12,self,Number Of Words:Short Identifier Name
tdd/transformations/TestMailerProg.py,19,13,23,assertTrue,Number Of Words
tdd/transformations/TestMailerProg.py,19,40,49,msg_files,Number Of Words
tdd/transformations/TestMailerProg.py,20,8,12,self,Number Of Words:Short Identifier Name
tdd/transformations/TestMailerProg.py,20,13,23,assertTrue,Number Of Words
tdd/transformations/TestMailerProg.py,20,40,49,msg_files,Number Of Words
tdd/transformations/TestMailerProg.py,22,8,27,test_parse_msg_file,Number Of Words
tdd/transformations/TestMailerProg.py,22,28,32,self,Number Of Words:Short Identifier Name
tdd/transformations/TestMailerProg.py,23,8,11,fqn,Number Of Words:Short Identifier Name
tdd/transformations/TestMailerProg.py,23,14,16,os,Number Of Words:Short Identifier Name
tdd/transformations/TestMailerProg.py,23,17,21,path,Number Of Words:Short Identifier Name
tdd/transformations/TestMailerProg.py,23,22,29,abspath,Number Of Words:Short Identifier Name
tdd/transformations/TestMailerProg.py,23,30,38,__file__,Consecutice Underscores:External Underscores:Number Of Words
tdd/transformations/TestMailerProg.py,24,8,16,curr_dir,Number Of Words
tdd/transformations/TestMailerProg.py,24,19,22,fqn,Number Of Words:Short Identifier Name
tdd/transformations/TestMailerProg.py,24,25,28,fqn,Number Of Words:Short Identifier Name
tdd/transformations/TestMailerProg.py,24,29,34,rfind,Number Of Words:Short Identifier Name
tdd/transformations/TestMailerProg.py,25,8,11,msg,Number Of Words:Short Identifier Name
tdd/transformations/TestMailerProg.py,25,14,24,MailerProg,Capitalization Anomaly
tdd/transformations/TestMailerProg.py,25,25,39,parse_msg_file,Number Of Words
tdd/transformations/TestMailerProg.py,25,40,42,os,Number Of Words:Short Identifier Name
tdd/transformations/TestMailerProg.py,25,43,47,path,Number Of Words:Short Identifier Name
tdd/transformations/TestMailerProg.py,25,48,52,join,Number Of Words:Short Identifier Name
tdd/transformations/TestMailerProg.py,25,53,61,curr_dir,Number Of Words
tdd/transformations/TestMailerProg.py,26,8,12,self,Number Of Words:Short Identifier Name
tdd/transformations/TestMailerProg.py,26,13,24,assertEqual,Number Of Words
tdd/transformations/TestMailerProg.py,26,25,28,msg,Number Of Words:Short Identifier Name
tdd/transformations/TestMailerProg.py,26,29,31,to,Number Of Words:Short Identifier Name
tdd/transformations/TestMailerProg.py,29,3,11,__name__,Consecutice Underscores:External Underscores:Number Of Words
tdd/transformations/TestMailerProg.py,30,4,12,unittest,Number Of Words
tdd/transformations/TestMailerProg.py,30,13,17,main,Number Of Words:Short Identifier Name
tdd/transformations/VerifyServers.py,0,7,14,urllib2,Number Of Words:Short Identifier Name
tdd/transformations/VerifyServers.py,2,0,7,servers,Number Of Words:Short Identifier Name
tdd/transformations/VerifyServers.py,4,4,10,server,Number Of Words:Short Identifier Name
tdd/transformations/VerifyServers.py,4,14,21,servers,Number Of Words:Short Identifier Name
tdd/transformations/VerifyServers.py,6,8,14,urllib,Number Of Words:Short Identifier Name
tdd/transformations/VerifyServers.py,6,15,22,urlopen,Number Of Words:Short Identifier Name
tdd/transformations/VerifyServers.py,6,23,29,server,Number Of Words:Short Identifier Name
tdd/transformations/VerifyServers.py,7,11,18,urllib2,Number Of Words:Short Identifier Name
tdd/transformations/VerifyServers.py,7,19,28,HTTPError,Capitalization Anomaly:Excessive Words:Number Of Words
tdd/transformations/VerifyServers.py,7,30,31,e,Number Of Words
tdd/transformations/VerifyServers.py,8,8,17,send_mail,Number Of Words
tdd/transformations/VerifyServers.py,8,18,19,e,Number Of Words
tdd/transformations/VerifyServers.py,9,11,18,urllib2,Number Of Words:Short Identifier Name
tdd/transformations/VerifyServers.py,9,19,27,URLError,Capitalization Anomaly
tdd/transformations/VerifyServers.py,9,29,30,e,Number Of Words
tdd/transformations/VerifyServers.py,10,8,17,send_mail,Number Of Words
tdd/transformations/VerifyServers.py,10,18,19,e,Number Of Words
tdd/transformations/VerifyServers.py,12,4,13,send_mail,Number Of Words
tdd/transformations/VerifyServers.py,12,14,15,e,Number Of Words
