filepath,line_number,start_index,end_index,name
basic_examples/extra_stuff.py,2,7,9,os
basic_examples/extra_stuff.py,6,3,5,os
basic_examples/extra_stuff.py,6,6,10,name
basic_examples/extra_stuff.py,8,4,13,say_hello
basic_examples/extra_stuff.py,9,6,15,say_hello
basic_examples/extra_stuff.py,12,6,14,Employee
basic_examples/extra_stuff.py,14,6,13,__str__
basic_examples/extra_stuff.py,14,14,18,self
basic_examples/extra_stuff.py,15,11,15,self
basic_examples/extra_stuff.py,15,16,20,name
basic_examples/extra_stuff.py,15,29,32,str
basic_examples/extra_stuff.py,15,33,37,self
basic_examples/extra_stuff.py,15,38,44,salary
basic_examples/extra_stuff.py,17,6,14,__init__
basic_examples/extra_stuff.py,17,15,19,self
basic_examples/extra_stuff.py,17,21,25,name
basic_examples/extra_stuff.py,17,27,33,salary
basic_examples/extra_stuff.py,18,4,8,self
basic_examples/extra_stuff.py,18,9,13,name
basic_examples/extra_stuff.py,18,16,20,name
basic_examples/extra_stuff.py,19,4,8,self
basic_examples/extra_stuff.py,19,9,15,salary
basic_examples/extra_stuff.py,19,18,24,salary
basic_examples/extra_stuff.py,22,0,9,employees
basic_examples/extra_stuff.py,23,0,9,employees
basic_examples/extra_stuff.py,23,10,16,append
basic_examples/extra_stuff.py,23,17,25,Employee
basic_examples/extra_stuff.py,24,0,9,employees
basic_examples/extra_stuff.py,24,10,16,append
basic_examples/extra_stuff.py,24,17,25,Employee
basic_examples/extra_stuff.py,25,0,9,employees
basic_examples/extra_stuff.py,25,10,16,append
basic_examples/extra_stuff.py,25,17,25,Employee
basic_examples/extra_stuff.py,29,0,17,sal_more_than_40k
basic_examples/extra_stuff.py,29,21,22,e
basic_examples/extra_stuff.py,29,27,28,e
basic_examples/extra_stuff.py,29,32,41,employees
basic_examples/extra_stuff.py,29,45,46,e
basic_examples/extra_stuff.py,29,47,53,salary
basic_examples/extra_stuff.py,30,19,22,str
basic_examples/extra_stuff.py,30,23,26,len
basic_examples/extra_stuff.py,30,27,44,sal_more_than_40k
basic_examples/extra_stuff.py,31,4,7,emp
basic_examples/extra_stuff.py,31,11,28,sal_more_than_40k
basic_examples/extra_stuff.py,32,8,11,emp
basic_examples/extra_stuff.py,35,0,17,sal_more_than_30k
basic_examples/extra_stuff.py,35,20,26,filter
basic_examples/extra_stuff.py,35,34,35,e
basic_examples/extra_stuff.py,35,38,39,e
basic_examples/extra_stuff.py,35,40,46,salary
basic_examples/extra_stuff.py,35,56,65,employees
basic_examples/extra_stuff.py,36,19,22,str
basic_examples/extra_stuff.py,36,23,26,len
basic_examples/extra_stuff.py,36,27,44,sal_more_than_30k
basic_examples/extra_stuff.py,37,4,7,emp
basic_examples/extra_stuff.py,37,11,28,sal_more_than_30k
basic_examples/extra_stuff.py,38,8,11,emp
basic_examples/extra_stuff.py,42,6,10,repr
basic_examples/extra_stuff.py,42,11,28,sal_more_than_30k
basic_examples/extra_stuff.py,44,0,4,eval
basic_examples/extra_stuff.py,44,5,9,repr
basic_examples/extra_stuff.py,44,10,27,sal_more_than_30k
basic_examples/my_module.py,0,4,12,sayHello
basic_examples/my_module.py,3,17,25,__name__
basic_examples/python_booleans.py,3,0,3,num
basic_examples/python_booleans.py,4,3,6,num
basic_examples/python_booleans.py,5,10,13,num
basic_examples/python_booleans.py,7,10,13,num
basic_examples/python_booleans.py,10,7,11,What
basic_examples/python_booleans.py,10,12,14,we
basic_examples/python_booleans.py,10,15,19,just
basic_examples/python_booleans.py,10,20,23,saw
basic_examples/python_booleans.py,10,24,27,are
basic_examples/python_booleans.py,10,28,39,conditional
basic_examples/python_booleans.py,10,40,50,statements
basic_examples/python_booleans.py,11,0,5,print
basic_examples/python_control.py,2,0,3,age
basic_examples/python_control.py,2,6,9,int
basic_examples/python_control.py,2,10,19,raw_input
basic_examples/python_control.py,4,3,6,age
basic_examples/python_control.py,6,5,8,age
basic_examples/python_control.py,6,18,21,age
basic_examples/python_control.py,8,5,8,age
basic_examples/python_control.py,8,19,22,age
basic_examples/python_control.py,10,5,8,age
basic_examples/python_control.py,10,19,22,age
basic_examples/python_control.py,18,0,6,number
basic_examples/python_control.py,18,9,12,age
basic_examples/python_control.py,19,0,4,fact
basic_examples/python_control.py,20,0,2,st
basic_examples/python_control.py,21,6,9,age
basic_examples/python_control.py,22,2,6,fact
basic_examples/python_control.py,22,9,13,fact
basic_examples/python_control.py,22,16,19,age
basic_examples/python_control.py,23,2,5,age
basic_examples/python_control.py,23,8,11,age
basic_examples/python_control.py,26,36,40,fact
basic_examples/python_control.py,31,4,5,i
basic_examples/python_control.py,31,9,14,range
basic_examples/python_control.py,32,8,9,i
basic_examples/python_control.py,36,4,5,i
basic_examples/python_control.py,36,9,14,range
basic_examples/python_control.py,37,8,9,i
basic_examples/python_conversions.py,3,0,3,num
basic_examples/python_conversions.py,5,0,5,eight
basic_examples/python_conversions.py,5,8,11,str
basic_examples/python_conversions.py,5,12,15,num
basic_examples/python_conversions.py,6,27,31,type
basic_examples/python_conversions.py,6,32,37,eight
basic_examples/python_conversions.py,9,0,4,num8
basic_examples/python_conversions.py,9,7,10,int
basic_examples/python_conversions.py,9,11,16,eight
basic_examples/python_conversions.py,10,26,30,type
basic_examples/python_conversions.py,10,31,35,num8
basic_examples/python_conversions.py,12,0,1,t
basic_examples/python_conversions.py,13,0,4,strt
basic_examples/python_conversions.py,13,7,10,str
basic_examples/python_conversions.py,13,11,12,t
basic_examples/python_conversions.py,14,26,30,type
basic_examples/python_conversions.py,14,31,35,strt
basic_examples/python_dictionary.py,7,0,9,phonebook
basic_examples/python_dictionary.py,10,6,15,phonebook
basic_examples/python_dictionary.py,12,0,9,phonebook
basic_examples/python_dictionary.py,15,0,9,phonebook
basic_examples/python_dictionary.py,17,6,15,phonebook
basic_examples/python_dictionary.py,20,4,5,k
basic_examples/python_dictionary.py,20,9,18,phonebook
basic_examples/python_dictionary.py,20,19,23,keys
basic_examples/python_dictionary.py,21,9,10,k
basic_examples/python_dictionary.py,21,12,21,phonebook
basic_examples/python_dictionary.py,21,22,23,k
basic_examples/python_dictionary.py,24,4,13,phonebook
basic_examples/python_dictionary.py,27,4,5,k
basic_examples/python_dictionary.py,27,7,8,v
basic_examples/python_dictionary.py,27,12,21,phonebook
basic_examples/python_dictionary.py,27,22,27,items
basic_examples/python_dictionary.py,28,9,10,k
basic_examples/python_dictionary.py,28,12,13,v
basic_examples/python_exceptions.py,2,6,33,MyMethodNotImplementedError
basic_examples/python_exceptions.py,2,34,43,Exception
basic_examples/python_exceptions.py,3,6,14,__init__
basic_examples/python_exceptions.py,3,15,19,self
basic_examples/python_exceptions.py,4,4,13,Exception
basic_examples/python_exceptions.py,4,14,22,__init__
basic_examples/python_exceptions.py,4,23,27,self
basic_examples/python_exceptions.py,9,4,15,some_method
basic_examples/python_exceptions.py,10,8,27,NotImplementedError
basic_examples/python_exceptions.py,12,4,18,another_method
basic_examples/python_exceptions.py,13,8,35,MyMethodNotImplementedError
basic_examples/python_exceptions.py,16,2,13,some_method
basic_examples/python_exceptions.py,17,7,26,NotImplementedError
basic_examples/python_exceptions.py,17,28,29,e
basic_examples/python_exceptions.py,18,38,39,e
basic_examples/python_exceptions.py,20,0,14,another_method
basic_examples/python_files.py,2,7,9,os
basic_examples/python_files.py,4,4,13,read_file
basic_examples/python_files.py,4,14,18,name
basic_examples/python_files.py,5,39,43,name
basic_examples/python_files.py,6,2,3,f
basic_examples/python_files.py,10,4,5,f
basic_examples/python_files.py,10,8,12,file
basic_examples/python_files.py,10,13,17,name
basic_examples/python_files.py,11,4,8,line
basic_examples/python_files.py,11,11,12,f
basic_examples/python_files.py,11,13,21,readline
basic_examples/python_files.py,12,10,13,len
basic_examples/python_files.py,12,14,18,line
basic_examples/python_files.py,13,12,16,line
basic_examples/python_files.py,14,6,10,line
basic_examples/python_files.py,14,13,14,f
basic_examples/python_files.py,14,15,23,readline
basic_examples/python_files.py,16,7,8,f
basic_examples/python_files.py,17,6,7,f
basic_examples/python_files.py,17,8,13,close
basic_examples/python_files.py,19,4,17,create_module
basic_examples/python_files.py,19,18,22,name
basic_examples/python_files.py,20,29,33,name
basic_examples/python_files.py,21,2,3,f
basic_examples/python_files.py,25,4,5,f
basic_examples/python_files.py,25,8,12,file
basic_examples/python_files.py,25,13,17,name
basic_examples/python_files.py,28,4,5,f
basic_examples/python_files.py,28,6,11,write
basic_examples/python_files.py,29,4,5,f
basic_examples/python_files.py,29,6,11,write
basic_examples/python_files.py,29,30,34,name
basic_examples/python_files.py,30,4,5,f
basic_examples/python_files.py,30,6,11,write
basic_examples/python_files.py,31,4,5,f
basic_examples/python_files.py,31,6,11,write
basic_examples/python_files.py,32,4,5,f
basic_examples/python_files.py,32,6,11,write
basic_examples/python_files.py,33,4,5,f
basic_examples/python_files.py,33,6,11,write
basic_examples/python_files.py,34,4,5,f
basic_examples/python_files.py,34,6,11,write
basic_examples/python_files.py,35,4,5,f
basic_examples/python_files.py,35,6,11,write
basic_examples/python_files.py,37,7,8,f
basic_examples/python_files.py,38,6,7,f
basic_examples/python_files.py,38,8,13,close
basic_examples/python_files.py,40,0,4,name
basic_examples/python_files.py,44,2,15,create_module
basic_examples/python_files.py,45,2,11,read_file
basic_examples/python_files.py,45,12,16,name
basic_examples/python_files.py,47,2,4,os
basic_examples/python_files.py,47,5,11,remove
basic_examples/python_files.py,47,12,16,name
basic_examples/python_files.py,48,7,16,Exception
basic_examples/python_files.py,48,18,19,e
basic_examples/python_files.py,49,45,46,e
basic_examples/python_functions.py,2,0,9,maxCalled
basic_examples/python_functions.py,3,0,9,minCalled
basic_examples/python_functions.py,8,4,11,max_val
basic_examples/python_functions.py,8,12,13,a
basic_examples/python_functions.py,8,14,15,b
basic_examples/python_functions.py,13,9,18,maxCalled
basic_examples/python_functions.py,14,2,11,maxCalled
basic_examples/python_functions.py,14,14,23,maxCalled
basic_examples/python_functions.py,16,5,6,a
basic_examples/python_functions.py,16,9,10,b
basic_examples/python_functions.py,17,11,12,a
basic_examples/python_functions.py,18,7,8,b
basic_examples/python_functions.py,18,11,12,a
basic_examples/python_functions.py,19,11,12,b
basic_examples/python_functions.py,21,11,12,a
basic_examples/python_functions.py,23,4,11,min_val
basic_examples/python_functions.py,23,12,13,a
basic_examples/python_functions.py,23,14,15,b
basic_examples/python_functions.py,28,9,18,minCalled
basic_examples/python_functions.py,29,2,11,minCalled
basic_examples/python_functions.py,29,14,23,minCalled
basic_examples/python_functions.py,31,5,6,a
basic_examples/python_functions.py,31,9,10,b
basic_examples/python_functions.py,32,11,12,a
basic_examples/python_functions.py,33,7,8,b
basic_examples/python_functions.py,33,11,12,a
basic_examples/python_functions.py,34,11,12,b
basic_examples/python_functions.py,36,11,12,a
basic_examples/python_functions.py,38,4,15,print_usage
basic_examples/python_functions.py,38,16,24,init_msg
basic_examples/python_functions.py,38,26,33,max_val
basic_examples/python_functions.py,38,40,47,min_val
basic_examples/python_functions.py,39,9,18,maxCalled
basic_examples/python_functions.py,39,20,29,minCalled
basic_examples/python_functions.py,40,8,16,init_msg
basic_examples/python_functions.py,41,5,12,max_val
basic_examples/python_functions.py,42,40,49,maxCalled
basic_examples/python_functions.py,43,5,12,min_val
basic_examples/python_functions.py,44,41,50,minCalled
basic_examples/python_functions.py,48,6,13,max_val
basic_examples/python_functions.py,48,14,21,__doc__
basic_examples/python_functions.py,49,0,7,max_val
basic_examples/python_functions.py,50,0,7,max_val
basic_examples/python_functions.py,50,10,11,b
basic_examples/python_functions.py,51,0,7,max_val
basic_examples/python_functions.py,51,8,9,b
basic_examples/python_functions.py,51,12,13,a
basic_examples/python_functions.py,54,6,13,min_val
basic_examples/python_functions.py,54,14,21,__doc__
basic_examples/python_functions.py,55,0,7,min_val
basic_examples/python_functions.py,56,0,7,min_val
basic_examples/python_functions.py,57,0,7,min_val
basic_examples/python_functions.py,57,10,11,b
basic_examples/python_functions.py,59,0,11,print_usage
basic_examples/python_lists.py,2,0,9,jvm_langs
basic_examples/python_lists.py,5,20,29,jvm_langs
basic_examples/python_lists.py,5,30,37,__len__
basic_examples/python_lists.py,10,20,23,len
basic_examples/python_lists.py,10,24,33,jvm_langs
basic_examples/python_lists.py,13,0,9,jvm_langs
basic_examples/python_lists.py,13,10,16,append
basic_examples/python_lists.py,16,4,8,lang
basic_examples/python_lists.py,16,12,21,jvm_langs
basic_examples/python_lists.py,17,8,12,lang
basic_examples/python_lists.py,20,34,43,jvm_langs
basic_examples/python_lists.py,21,40,49,jvm_langs
basic_examples/python_lists.py,22,43,52,jvm_langs
basic_examples/python_lists.py,25,0,9,jvm_langs
basic_examples/python_lists.py,25,10,14,sort
basic_examples/python_lists.py,26,6,15,jvm_langs
basic_examples/python_logical_lines.py,1,0,1,i
basic_examples/python_logical_lines.py,2,6,7,i
basic_examples/python_logical_lines.py,5,0,1,i
basic_examples/python_logical_lines.py,5,7,8,j
basic_examples/python_logical_lines.py,6,6,7,i
basic_examples/python_logical_lines.py,6,10,11,j
basic_examples/python_modules.py,2,7,10,sys
basic_examples/python_modules.py,3,7,16,my_module
basic_examples/python_modules.py,6,40,43,sys
basic_examples/python_modules.py,6,44,48,argv
basic_examples/python_modules.py,8,28,31,sys
basic_examples/python_modules.py,8,32,36,path
basic_examples/python_modules.py,11,0,9,my_module
basic_examples/python_modules.py,11,10,18,sayHello
basic_examples/python_numbers.py,4,0,3,num
basic_examples/python_numbers.py,5,73,76,num
basic_examples/python_numbers.py,7,32,35,num
basic_examples/python_numbers.py,8,34,37,num
basic_examples/python_numbers.py,15,0,3,num
basic_examples/python_numbers.py,16,20,23,num
basic_examples/python_numbers.py,25,0,11,max64BitInt
basic_examples/python_numbers.py,26,0,6,bigNum
basic_examples/python_numbers.py,26,9,20,max64BitInt
basic_examples/python_numbers.py,27,31,37,bigNum
basic_examples/python_objects.py,2,6,17,InvoiceItem
basic_examples/python_objects.py,4,6,13,__str__
basic_examples/python_objects.py,4,14,18,self
basic_examples/python_objects.py,5,11,15,self
basic_examples/python_objects.py,5,16,20,text
basic_examples/python_objects.py,5,29,32,str
basic_examples/python_objects.py,5,33,37,self
basic_examples/python_objects.py,5,38,41,amt
basic_examples/python_objects.py,7,6,14,__init__
basic_examples/python_objects.py,7,15,19,self
basic_examples/python_objects.py,7,23,29,kwargs
basic_examples/python_objects.py,8,4,8,self
basic_examples/python_objects.py,8,9,13,text
basic_examples/python_objects.py,9,4,8,self
basic_examples/python_objects.py,9,9,12,amt
basic_examples/python_objects.py,10,7,13,kwargs
basic_examples/python_objects.py,11,6,10,self
basic_examples/python_objects.py,11,11,15,text
basic_examples/python_objects.py,11,18,24,kwargs
basic_examples/python_objects.py,12,7,13,kwargs
basic_examples/python_objects.py,13,6,10,self
basic_examples/python_objects.py,13,11,14,amt
basic_examples/python_objects.py,13,17,23,kwargs
basic_examples/python_objects.py,15,6,13,Invoice
basic_examples/python_objects.py,17,2,17,my_company_name
basic_examples/python_objects.py,20,3,15,staticmethod
basic_examples/python_objects.py,21,6,25,get_service_tax_per
basic_examples/python_objects.py,25,6,13,__str__
basic_examples/python_objects.py,25,14,18,self
basic_examples/python_objects.py,26,11,15,self
basic_examples/python_objects.py,26,16,22,number
basic_examples/python_objects.py,26,31,34,str
basic_examples/python_objects.py,26,35,39,self
basic_examples/python_objects.py,26,40,43,amt
basic_examples/python_objects.py,28,6,14,__init__
basic_examples/python_objects.py,28,15,19,self
basic_examples/python_objects.py,28,23,29,kwargs
basic_examples/python_objects.py,29,4,8,self
basic_examples/python_objects.py,29,9,15,number
basic_examples/python_objects.py,30,4,8,self
basic_examples/python_objects.py,30,9,15,client
basic_examples/python_objects.py,31,4,8,self
basic_examples/python_objects.py,31,9,13,date
basic_examples/python_objects.py,32,4,8,self
basic_examples/python_objects.py,32,9,22,invoice_items
basic_examples/python_objects.py,34,6,22,add_invoice_item
basic_examples/python_objects.py,34,23,27,self
basic_examples/python_objects.py,34,29,42,invoice_entry
basic_examples/python_objects.py,35,4,8,self
basic_examples/python_objects.py,35,9,22,invoice_items
basic_examples/python_objects.py,35,23,29,append
basic_examples/python_objects.py,35,30,43,invoice_entry
basic_examples/python_objects.py,37,6,9,amt
basic_examples/python_objects.py,37,10,14,self
basic_examples/python_objects.py,38,4,7,amt
basic_examples/python_objects.py,39,8,12,item
basic_examples/python_objects.py,39,16,20,self
basic_examples/python_objects.py,39,21,34,invoice_items
basic_examples/python_objects.py,40,6,9,amt
basic_examples/python_objects.py,40,12,15,amt
basic_examples/python_objects.py,40,18,22,item
basic_examples/python_objects.py,40,23,26,amt
basic_examples/python_objects.py,41,11,14,amt
basic_examples/python_objects.py,43,0,7,invoice
basic_examples/python_objects.py,43,10,17,Invoice
basic_examples/python_objects.py,44,0,7,invoice
basic_examples/python_objects.py,44,8,14,number
basic_examples/python_objects.py,45,0,7,invoice
basic_examples/python_objects.py,45,8,14,client
basic_examples/python_objects.py,46,0,7,invoice
basic_examples/python_objects.py,46,8,12,date
basic_examples/python_objects.py,48,0,12,invoice_item
basic_examples/python_objects.py,48,15,26,InvoiceItem
basic_examples/python_objects.py,48,27,31,text
basic_examples/python_objects.py,48,52,55,amt
basic_examples/python_objects.py,49,0,7,invoice
basic_examples/python_objects.py,49,8,24,add_invoice_item
basic_examples/python_objects.py,49,25,37,invoice_item
basic_examples/python_objects.py,51,6,13,invoice
basic_examples/python_os_module.py,6,7,9,os
basic_examples/python_os_module.py,8,33,35,os
basic_examples/python_os_module.py,8,36,40,name
basic_examples/python_os_module.py,9,25,27,os
basic_examples/python_os_module.py,9,28,36,getlogin
basic_examples/python_os_module.py,10,45,47,os
basic_examples/python_os_module.py,10,48,54,getcwd
basic_examples/python_os_module.py,11,31,33,os
basic_examples/python_os_module.py,11,34,40,getenv
basic_examples/python_read.py,1,5,8,sys
basic_examples/python_read.py,1,16,20,argv
basic_examples/python_read.py,3,0,6,script
basic_examples/python_read.py,3,8,16,filename
basic_examples/python_read.py,3,19,23,argv
basic_examples/python_read.py,4,0,2,fp
basic_examples/python_read.py,4,5,9,open
basic_examples/python_read.py,4,10,18,filename
basic_examples/python_read.py,5,27,29,fp
basic_examples/python_read.py,6,6,8,fp
basic_examples/python_read.py,6,9,13,read
basic_examples/python_read.py,7,0,2,fp
basic_examples/python_read.py,7,3,8,close
basic_examples/python_sequences.py,6,0,9,jvm_langs
basic_examples/python_sequences.py,7,37,46,jvm_langs
basic_examples/python_sequences.py,10,49,58,jvm_langs
basic_examples/python_sequences.py,11,39,48,jvm_langs
basic_examples/python_sequences.py,12,40,49,jvm_langs
basic_examples/python_sequences.py,14,0,4,name
basic_examples/python_sequences.py,15,28,32,name
basic_examples/python_star_args_and_kwargs.py,2,4,11,add_all
basic_examples/python_star_args_and_kwargs.py,2,13,25,list_of_nums
basic_examples/python_star_args_and_kwargs.py,3,2,5,sum
basic_examples/python_star_args_and_kwargs.py,4,6,9,num
basic_examples/python_star_args_and_kwargs.py,4,13,25,list_of_nums
basic_examples/python_star_args_and_kwargs.py,5,4,7,sum
basic_examples/python_star_args_and_kwargs.py,5,10,13,sum
basic_examples/python_star_args_and_kwargs.py,5,16,19,num
basic_examples/python_star_args_and_kwargs.py,6,22,26,join
basic_examples/python_star_args_and_kwargs.py,6,27,30,str
basic_examples/python_star_args_and_kwargs.py,6,31,32,n
basic_examples/python_star_args_and_kwargs.py,6,38,39,n
basic_examples/python_star_args_and_kwargs.py,6,43,55,list_of_nums
basic_examples/python_star_args_and_kwargs.py,6,65,68,sum
basic_examples/python_star_args_and_kwargs.py,8,0,7,add_all
basic_examples/python_star_args_and_kwargs.py,10,0,4,nums
basic_examples/python_star_args_and_kwargs.py,11,0,7,add_all
basic_examples/python_star_args_and_kwargs.py,11,9,13,nums
basic_examples/python_star_args_and_kwargs.py,13,0,4,nums
basic_examples/python_star_args_and_kwargs.py,14,0,7,add_all
basic_examples/python_star_args_and_kwargs.py,14,9,13,nums
basic_examples/python_star_args_and_kwargs.py,16,4,15,add_all_msg
basic_examples/python_star_args_and_kwargs.py,16,17,21,args
basic_examples/python_star_args_and_kwargs.py,16,25,31,kwargs
basic_examples/python_star_args_and_kwargs.py,17,8,14,kwargs
basic_examples/python_star_args_and_kwargs.py,18,2,9,add_all
basic_examples/python_star_args_and_kwargs.py,18,11,15,args
basic_examples/python_star_args_and_kwargs.py,19,8,14,kwargs
basic_examples/python_star_args_and_kwargs.py,21,0,11,add_all_msg
basic_examples/python_star_args_and_kwargs.py,21,18,24,before
basic_examples/python_star_args_and_kwargs.py,21,43,48,after
basic_examples/python_string_interpolation.py,2,5,11,string
basic_examples/python_string_interpolation.py,2,19,27,Template
basic_examples/python_string_interpolation.py,4,0,8,greeting
basic_examples/python_string_interpolation.py,5,0,4,name
basic_examples/python_string_interpolation.py,7,0,5,print
basic_examples/python_string_interpolation.py,7,29,37,greeting
basic_examples/python_string_interpolation.py,7,39,43,name
basic_examples/python_string_interpolation.py,9,45,51,locals
basic_examples/python_string_interpolation.py,11,6,14,Template
basic_examples/python_string_interpolation.py,11,47,57,substitute
basic_examples/python_string_interpolation.py,11,58,64,locals
basic_examples/python_strings.py,35,0,8,greeting
basic_examples/python_strings.py,36,32,40,greeting
basic_examples/python_strings.py,36,51,54,len
basic_examples/python_strings.py,36,55,63,greeting
basic_examples/python_strings.py,39,14,22,greeting
basic_examples/python_strings.py,42,3,11,greeting
basic_examples/python_strings.py,42,12,16,find
basic_examples/python_tuples.py,4,0,9,jvm_langs
basic_examples/python_tuples.py,5,6,15,jvm_langs
basic_examples/python_tuples.py,9,0,17,jvm_langs_revised
basic_examples/python_tuples.py,9,51,60,jvm_langs
basic_examples/python_tuples.py,11,6,23,jvm_langs_revised
basic_examples/python_write.py,1,5,8,sys
basic_examples/python_write.py,1,16,20,argv
basic_examples/python_write.py,3,0,6,script
basic_examples/python_write.py,3,8,16,filename
basic_examples/python_write.py,3,19,23,argv
basic_examples/python_write.py,4,0,2,fp
basic_examples/python_write.py,4,5,9,open
basic_examples/python_write.py,4,10,18,filename
basic_examples/python_write.py,5,30,32,fp
basic_examples/python_write.py,6,0,2,fp
basic_examples/python_write.py,6,3,8,write
basic_examples/python_write.py,7,0,2,fp
basic_examples/python_write.py,7,3,8,close
mini_projects/adaptive_backup.py,3,7,9,os
mini_projects/adaptive_backup.py,4,7,11,time
mini_projects/adaptive_backup.py,5,7,14,tarfile
mini_projects/adaptive_backup.py,8,0,6,bk_src
mini_projects/adaptive_backup.py,12,0,7,bk_dest
mini_projects/adaptive_backup.py,14,0,5,bk_fn
mini_projects/adaptive_backup.py,14,8,15,bk_dest
mini_projects/adaptive_backup.py,14,18,22,time
mini_projects/adaptive_backup.py,14,23,31,strftime
mini_projects/adaptive_backup.py,15,0,7,zip_cmd
mini_projects/adaptive_backup.py,15,31,36,bk_fn
mini_projects/adaptive_backup.py,15,42,46,join
mini_projects/adaptive_backup.py,15,47,53,bk_src
mini_projects/adaptive_backup.py,17,0,8,tar_file
mini_projects/adaptive_backup.py,17,11,18,tarfile
mini_projects/adaptive_backup.py,17,19,23,open
mini_projects/adaptive_backup.py,17,24,29,bk_fn
mini_projects/adaptive_backup.py,18,4,8,file
mini_projects/adaptive_backup.py,18,12,18,bk_src
mini_projects/adaptive_backup.py,19,2,10,tar_file
mini_projects/adaptive_backup.py,19,11,14,add
mini_projects/adaptive_backup.py,19,15,19,file
mini_projects/adaptive_backup.py,20,0,8,tar_file
mini_projects/adaptive_backup.py,20,9,14,close
tdd/iostubbing/all_tests.py,0,7,15,unittest
tdd/iostubbing/all_tests.py,1,7,30,test_write_user_details
tdd/iostubbing/all_tests.py,2,7,36,test_write_user_details_istub
tdd/iostubbing/all_tests.py,4,0,6,suite1
tdd/iostubbing/all_tests.py,4,9,17,unittest
tdd/iostubbing/all_tests.py,4,18,28,TestLoader
tdd/iostubbing/all_tests.py,4,31,52,loadTestsFromTestCase
tdd/iostubbing/all_tests.py,4,53,76,test_write_user_details
tdd/iostubbing/all_tests.py,4,77,92,TestUserDetails
tdd/iostubbing/all_tests.py,5,0,6,suite1
tdd/iostubbing/all_tests.py,5,7,15,addTests
tdd/iostubbing/all_tests.py,5,16,24,unittest
tdd/iostubbing/all_tests.py,5,25,35,TestLoader
tdd/iostubbing/all_tests.py,5,38,59,loadTestsFromTestCase
tdd/iostubbing/all_tests.py,5,60,89,test_write_user_details_istub
tdd/iostubbing/all_tests.py,5,90,105,TestUserDetails
tdd/iostubbing/all_tests.py,7,0,8,unittest
tdd/iostubbing/all_tests.py,7,9,23,TextTestRunner
tdd/iostubbing/all_tests.py,7,24,33,verbosity
tdd/iostubbing/all_tests.py,7,37,40,run
tdd/iostubbing/all_tests.py,7,41,47,suite1
tdd/iostubbing/test_write_user_details.py,0,7,15,unittest
tdd/iostubbing/test_write_user_details.py,2,6,21,TestUserDetails
tdd/iostubbing/test_write_user_details.py,2,22,30,unittest
tdd/iostubbing/test_write_user_details.py,2,31,39,TestCase
tdd/iostubbing/test_write_user_details.py,4,8,13,setUp
tdd/iostubbing/test_write_user_details.py,4,14,18,self
tdd/iostubbing/test_write_user_details.py,5,8,13,super
tdd/iostubbing/test_write_user_details.py,5,14,29,TestUserDetails
tdd/iostubbing/test_write_user_details.py,5,31,35,self
tdd/iostubbing/test_write_user_details.py,5,37,42,setUp
tdd/iostubbing/test_write_user_details.py,8,8,16,tearDown
tdd/iostubbing/test_write_user_details.py,8,17,21,self
tdd/iostubbing/test_write_user_details.py,9,8,13,super
tdd/iostubbing/test_write_user_details.py,9,14,29,TestUserDetails
tdd/iostubbing/test_write_user_details.py,9,31,35,self
tdd/iostubbing/test_write_user_details.py,9,37,45,tearDown
tdd/iostubbing/test_write_user_details.py,12,8,33,test_output_file_contents
tdd/iostubbing/test_write_user_details.py,12,34,38,self
tdd/iostubbing/test_write_user_details.py,13,8,10,fp
tdd/iostubbing/test_write_user_details.py,13,13,17,open
tdd/iostubbing/test_write_user_details.py,14,8,12,name
tdd/iostubbing/test_write_user_details.py,14,15,17,fp
tdd/iostubbing/test_write_user_details.py,14,18,26,readline
tdd/iostubbing/test_write_user_details.py,15,8,11,age
tdd/iostubbing/test_write_user_details.py,15,14,16,fp
tdd/iostubbing/test_write_user_details.py,15,17,25,readline
tdd/iostubbing/test_write_user_details.py,16,8,12,city
tdd/iostubbing/test_write_user_details.py,16,15,17,fp
tdd/iostubbing/test_write_user_details.py,16,18,26,readline
tdd/iostubbing/test_write_user_details.py,17,8,12,self
tdd/iostubbing/test_write_user_details.py,17,13,24,assertEqual
tdd/iostubbing/test_write_user_details.py,17,25,29,name
tdd/iostubbing/test_write_user_details.py,17,32,35,len
tdd/iostubbing/test_write_user_details.py,17,36,40,name
tdd/iostubbing/test_write_user_details.py,18,8,12,self
tdd/iostubbing/test_write_user_details.py,18,13,24,assertEqual
tdd/iostubbing/test_write_user_details.py,18,25,28,age
tdd/iostubbing/test_write_user_details.py,18,31,34,len
tdd/iostubbing/test_write_user_details.py,18,35,38,age
tdd/iostubbing/test_write_user_details.py,19,8,12,self
tdd/iostubbing/test_write_user_details.py,19,13,24,assertEqual
tdd/iostubbing/test_write_user_details.py,19,25,29,city
tdd/iostubbing/test_write_user_details.py,19,32,35,len
tdd/iostubbing/test_write_user_details.py,19,36,40,city
tdd/iostubbing/test_write_user_details.py,21,3,11,__name__
tdd/iostubbing/test_write_user_details.py,22,4,12,unittest
tdd/iostubbing/test_write_user_details.py,22,13,17,main
tdd/iostubbing/test_write_user_details_iostub.py,0,7,15,unittest
tdd/iostubbing/test_write_user_details_iostub.py,1,7,25,write_user_details
tdd/iostubbing/test_write_user_details_iostub.py,2,7,10,sys
tdd/iostubbing/test_write_user_details_iostub.py,4,4,17,gen_open_stub
tdd/iostubbing/test_write_user_details_iostub.py,4,18,29,output_stub
tdd/iostubbing/test_write_user_details_iostub.py,5,8,12,open
tdd/iostubbing/test_write_user_details_iostub.py,5,13,18,fpath
tdd/iostubbing/test_write_user_details_iostub.py,5,20,24,mode
tdd/iostubbing/test_write_user_details_iostub.py,6,15,26,output_stub
tdd/iostubbing/test_write_user_details_iostub.py,7,11,15,open
tdd/iostubbing/test_write_user_details_iostub.py,9,6,15,InputStub
tdd/iostubbing/test_write_user_details_iostub.py,9,16,22,object
tdd/iostubbing/test_write_user_details_iostub.py,10,8,16,__init__
tdd/iostubbing/test_write_user_details_iostub.py,10,17,21,self
tdd/iostubbing/test_write_user_details_iostub.py,10,23,29,values
tdd/iostubbing/test_write_user_details_iostub.py,11,8,12,self
tdd/iostubbing/test_write_user_details_iostub.py,11,13,19,values
tdd/iostubbing/test_write_user_details_iostub.py,11,22,28,values
tdd/iostubbing/test_write_user_details_iostub.py,12,8,12,self
tdd/iostubbing/test_write_user_details_iostub.py,12,13,16,cnt
tdd/iostubbing/test_write_user_details_iostub.py,14,8,16,readline
tdd/iostubbing/test_write_user_details_iostub.py,14,17,21,self
tdd/iostubbing/test_write_user_details_iostub.py,15,11,15,self
tdd/iostubbing/test_write_user_details_iostub.py,15,16,19,cnt
tdd/iostubbing/test_write_user_details_iostub.py,15,22,25,len
tdd/iostubbing/test_write_user_details_iostub.py,15,26,30,self
tdd/iostubbing/test_write_user_details_iostub.py,15,31,37,values
tdd/iostubbing/test_write_user_details_iostub.py,16,12,19,ret_val
tdd/iostubbing/test_write_user_details_iostub.py,16,22,26,self
tdd/iostubbing/test_write_user_details_iostub.py,16,27,33,values
tdd/iostubbing/test_write_user_details_iostub.py,16,34,38,self
tdd/iostubbing/test_write_user_details_iostub.py,16,39,42,cnt
tdd/iostubbing/test_write_user_details_iostub.py,17,12,16,self
tdd/iostubbing/test_write_user_details_iostub.py,17,17,20,cnt
tdd/iostubbing/test_write_user_details_iostub.py,18,19,26,ret_val
tdd/iostubbing/test_write_user_details_iostub.py,20,18,27,StopError
tdd/iostubbing/test_write_user_details_iostub.py,22,6,16,OutputStub
tdd/iostubbing/test_write_user_details_iostub.py,22,17,23,object
tdd/iostubbing/test_write_user_details_iostub.py,23,8,16,__init__
tdd/iostubbing/test_write_user_details_iostub.py,23,17,21,self
tdd/iostubbing/test_write_user_details_iostub.py,24,8,12,self
tdd/iostubbing/test_write_user_details_iostub.py,24,13,19,values
tdd/iostubbing/test_write_user_details_iostub.py,26,8,13,write
tdd/iostubbing/test_write_user_details_iostub.py,26,14,18,self
tdd/iostubbing/test_write_user_details_iostub.py,26,20,25,value
tdd/iostubbing/test_write_user_details_iostub.py,27,8,12,self
tdd/iostubbing/test_write_user_details_iostub.py,27,13,19,values
tdd/iostubbing/test_write_user_details_iostub.py,27,20,26,append
tdd/iostubbing/test_write_user_details_iostub.py,27,27,32,value
tdd/iostubbing/test_write_user_details_iostub.py,29,8,13,close
tdd/iostubbing/test_write_user_details_iostub.py,29,14,18,self
tdd/iostubbing/test_write_user_details_iostub.py,30,8,12,self
tdd/iostubbing/test_write_user_details_iostub.py,30,13,19,closed
tdd/iostubbing/test_write_user_details_iostub.py,33,6,21,TestUserDetails
tdd/iostubbing/test_write_user_details_iostub.py,33,22,30,unittest
tdd/iostubbing/test_write_user_details_iostub.py,33,31,39,TestCase
tdd/iostubbing/test_write_user_details_iostub.py,35,8,33,test_output_file_contents
tdd/iostubbing/test_write_user_details_iostub.py,35,34,38,self
tdd/iostubbing/test_write_user_details_iostub.py,36,8,14,values
tdd/iostubbing/test_write_user_details_iostub.py,37,8,19,output_stub
tdd/iostubbing/test_write_user_details_iostub.py,37,22,32,OutputStub
tdd/iostubbing/test_write_user_details_iostub.py,38,8,26,write_user_details
tdd/iostubbing/test_write_user_details_iostub.py,38,27,31,open
tdd/iostubbing/test_write_user_details_iostub.py,38,34,47,gen_open_stub
tdd/iostubbing/test_write_user_details_iostub.py,38,48,59,output_stub
tdd/iostubbing/test_write_user_details_iostub.py,39,8,11,sys
tdd/iostubbing/test_write_user_details_iostub.py,39,12,17,stdin
tdd/iostubbing/test_write_user_details_iostub.py,39,20,29,InputStub
tdd/iostubbing/test_write_user_details_iostub.py,39,30,36,values
tdd/iostubbing/test_write_user_details_iostub.py,40,8,26,write_user_details
tdd/iostubbing/test_write_user_details_iostub.py,40,27,43,accept_and_write
tdd/iostubbing/test_write_user_details_iostub.py,41,8,12,name
tdd/iostubbing/test_write_user_details_iostub.py,41,15,26,output_stub
tdd/iostubbing/test_write_user_details_iostub.py,41,27,33,values
tdd/iostubbing/test_write_user_details_iostub.py,42,8,11,age
tdd/iostubbing/test_write_user_details_iostub.py,42,14,25,output_stub
tdd/iostubbing/test_write_user_details_iostub.py,42,26,32,values
tdd/iostubbing/test_write_user_details_iostub.py,43,8,12,city
tdd/iostubbing/test_write_user_details_iostub.py,43,15,26,output_stub
tdd/iostubbing/test_write_user_details_iostub.py,43,27,33,values
tdd/iostubbing/test_write_user_details_iostub.py,44,8,12,self
tdd/iostubbing/test_write_user_details_iostub.py,44,13,24,assertEqual
tdd/iostubbing/test_write_user_details_iostub.py,44,25,29,name
tdd/iostubbing/test_write_user_details_iostub.py,44,32,35,len
tdd/iostubbing/test_write_user_details_iostub.py,44,36,40,name
tdd/iostubbing/test_write_user_details_iostub.py,45,8,12,self
tdd/iostubbing/test_write_user_details_iostub.py,45,13,24,assertEqual
tdd/iostubbing/test_write_user_details_iostub.py,45,25,28,age
tdd/iostubbing/test_write_user_details_iostub.py,45,31,34,len
tdd/iostubbing/test_write_user_details_iostub.py,45,35,38,age
tdd/iostubbing/test_write_user_details_iostub.py,46,8,12,self
tdd/iostubbing/test_write_user_details_iostub.py,46,13,24,assertEqual
tdd/iostubbing/test_write_user_details_iostub.py,46,25,29,city
tdd/iostubbing/test_write_user_details_iostub.py,46,32,35,len
tdd/iostubbing/test_write_user_details_iostub.py,46,36,40,city
tdd/iostubbing/test_write_user_details_iostub.py,48,3,11,__name__
tdd/iostubbing/test_write_user_details_iostub.py,49,4,12,unittest
tdd/iostubbing/test_write_user_details_iostub.py,49,13,17,main
tdd/iostubbing/test_write_user_details_istub.py,0,7,15,unittest
tdd/iostubbing/test_write_user_details_istub.py,1,7,25,write_user_details
tdd/iostubbing/test_write_user_details_istub.py,2,7,10,sys
tdd/iostubbing/test_write_user_details_istub.py,4,6,15,InputStub
tdd/iostubbing/test_write_user_details_istub.py,4,16,22,object
tdd/iostubbing/test_write_user_details_istub.py,5,8,16,__init__
tdd/iostubbing/test_write_user_details_istub.py,5,17,21,self
tdd/iostubbing/test_write_user_details_istub.py,5,23,29,values
tdd/iostubbing/test_write_user_details_istub.py,6,8,12,self
tdd/iostubbing/test_write_user_details_istub.py,6,13,19,values
tdd/iostubbing/test_write_user_details_istub.py,6,22,28,values
tdd/iostubbing/test_write_user_details_istub.py,7,8,12,self
tdd/iostubbing/test_write_user_details_istub.py,7,13,16,cnt
tdd/iostubbing/test_write_user_details_istub.py,9,8,16,readline
tdd/iostubbing/test_write_user_details_istub.py,9,17,21,self
tdd/iostubbing/test_write_user_details_istub.py,10,11,15,self
tdd/iostubbing/test_write_user_details_istub.py,10,16,19,cnt
tdd/iostubbing/test_write_user_details_istub.py,10,22,25,len
tdd/iostubbing/test_write_user_details_istub.py,10,26,30,self
tdd/iostubbing/test_write_user_details_istub.py,10,31,37,values
tdd/iostubbing/test_write_user_details_istub.py,11,12,19,ret_val
tdd/iostubbing/test_write_user_details_istub.py,11,22,26,self
tdd/iostubbing/test_write_user_details_istub.py,11,27,33,values
tdd/iostubbing/test_write_user_details_istub.py,11,34,38,self
tdd/iostubbing/test_write_user_details_istub.py,11,39,42,cnt
tdd/iostubbing/test_write_user_details_istub.py,12,12,16,self
tdd/iostubbing/test_write_user_details_istub.py,12,17,20,cnt
tdd/iostubbing/test_write_user_details_istub.py,13,19,26,ret_val
tdd/iostubbing/test_write_user_details_istub.py,15,18,27,StopError
tdd/iostubbing/test_write_user_details_istub.py,17,6,21,TestUserDetails
tdd/iostubbing/test_write_user_details_istub.py,17,22,30,unittest
tdd/iostubbing/test_write_user_details_istub.py,17,31,39,TestCase
tdd/iostubbing/test_write_user_details_istub.py,19,8,33,test_output_file_contents
tdd/iostubbing/test_write_user_details_istub.py,19,34,38,self
tdd/iostubbing/test_write_user_details_istub.py,20,8,14,values
tdd/iostubbing/test_write_user_details_istub.py,21,8,11,sys
tdd/iostubbing/test_write_user_details_istub.py,21,12,17,stdin
tdd/iostubbing/test_write_user_details_istub.py,21,20,29,InputStub
tdd/iostubbing/test_write_user_details_istub.py,21,30,36,values
tdd/iostubbing/test_write_user_details_istub.py,22,8,26,write_user_details
tdd/iostubbing/test_write_user_details_istub.py,22,27,43,accept_and_write
tdd/iostubbing/test_write_user_details_istub.py,23,8,10,fp
tdd/iostubbing/test_write_user_details_istub.py,23,13,17,open
tdd/iostubbing/test_write_user_details_istub.py,24,8,12,name
tdd/iostubbing/test_write_user_details_istub.py,24,15,17,fp
tdd/iostubbing/test_write_user_details_istub.py,24,18,26,readline
tdd/iostubbing/test_write_user_details_istub.py,25,8,11,age
tdd/iostubbing/test_write_user_details_istub.py,25,14,16,fp
tdd/iostubbing/test_write_user_details_istub.py,25,17,25,readline
tdd/iostubbing/test_write_user_details_istub.py,26,8,12,city
tdd/iostubbing/test_write_user_details_istub.py,26,15,17,fp
tdd/iostubbing/test_write_user_details_istub.py,26,18,26,readline
tdd/iostubbing/test_write_user_details_istub.py,27,8,12,self
tdd/iostubbing/test_write_user_details_istub.py,27,13,24,assertEqual
tdd/iostubbing/test_write_user_details_istub.py,27,25,29,name
tdd/iostubbing/test_write_user_details_istub.py,27,32,35,len
tdd/iostubbing/test_write_user_details_istub.py,27,36,40,name
tdd/iostubbing/test_write_user_details_istub.py,28,8,12,self
tdd/iostubbing/test_write_user_details_istub.py,28,13,24,assertEqual
tdd/iostubbing/test_write_user_details_istub.py,28,25,28,age
tdd/iostubbing/test_write_user_details_istub.py,28,31,34,len
tdd/iostubbing/test_write_user_details_istub.py,28,35,38,age
tdd/iostubbing/test_write_user_details_istub.py,29,8,12,self
tdd/iostubbing/test_write_user_details_istub.py,29,13,24,assertEqual
tdd/iostubbing/test_write_user_details_istub.py,29,25,29,city
tdd/iostubbing/test_write_user_details_istub.py,29,32,35,len
tdd/iostubbing/test_write_user_details_istub.py,29,36,40,city
tdd/iostubbing/test_write_user_details_istub.py,31,3,11,__name__
tdd/iostubbing/test_write_user_details_istub.py,32,4,12,unittest
tdd/iostubbing/test_write_user_details_istub.py,32,13,17,main
tdd/iostubbing/test_write_user_details_mock.py,0,7,15,unittest
tdd/iostubbing/test_write_user_details_mock.py,1,7,28,write_user_details_di
tdd/iostubbing/test_write_user_details_mock.py,2,7,10,sys
tdd/iostubbing/test_write_user_details_mock.py,3,7,13,pymock
tdd/iostubbing/test_write_user_details_mock.py,5,6,21,TestUserDetails
tdd/iostubbing/test_write_user_details_mock.py,5,22,28,pymock
tdd/iostubbing/test_write_user_details_mock.py,5,29,43,PyMockTestCase
tdd/iostubbing/test_write_user_details_mock.py,7,8,33,test_output_file_contents
tdd/iostubbing/test_write_user_details_mock.py,7,34,38,self
tdd/iostubbing/test_write_user_details_mock.py,9,8,26,raw_input_provider
tdd/iostubbing/test_write_user_details_mock.py,9,29,33,self
tdd/iostubbing/test_write_user_details_mock.py,9,34,38,mock
tdd/iostubbing/test_write_user_details_mock.py,10,8,22,mock_raw_input
tdd/iostubbing/test_write_user_details_mock.py,10,25,43,raw_input_provider
tdd/iostubbing/test_write_user_details_mock.py,10,44,53,raw_input
tdd/iostubbing/test_write_user_details_mock.py,11,8,12,self
tdd/iostubbing/test_write_user_details_mock.py,11,13,28,expectAndReturn
tdd/iostubbing/test_write_user_details_mock.py,11,29,43,mock_raw_input
tdd/iostubbing/test_write_user_details_mock.py,12,8,12,self
tdd/iostubbing/test_write_user_details_mock.py,12,13,28,expectAndReturn
tdd/iostubbing/test_write_user_details_mock.py,12,29,43,mock_raw_input
tdd/iostubbing/test_write_user_details_mock.py,13,8,12,self
tdd/iostubbing/test_write_user_details_mock.py,13,13,28,expectAndReturn
tdd/iostubbing/test_write_user_details_mock.py,13,29,43,mock_raw_input
tdd/iostubbing/test_write_user_details_mock.py,16,8,29,mock_opener_interface
tdd/iostubbing/test_write_user_details_mock.py,16,32,36,self
tdd/iostubbing/test_write_user_details_mock.py,16,37,41,mock
tdd/iostubbing/test_write_user_details_mock.py,17,8,17,mock_file
tdd/iostubbing/test_write_user_details_mock.py,17,20,24,self
tdd/iostubbing/test_write_user_details_mock.py,17,25,29,mock
tdd/iostubbing/test_write_user_details_mock.py,18,8,12,self
tdd/iostubbing/test_write_user_details_mock.py,18,13,28,expectAndReturn
tdd/iostubbing/test_write_user_details_mock.py,18,29,50,mock_opener_interface
tdd/iostubbing/test_write_user_details_mock.py,18,51,55,open
tdd/iostubbing/test_write_user_details_mock.py,18,73,82,mock_file
tdd/iostubbing/test_write_user_details_mock.py,19,8,17,mock_file
tdd/iostubbing/test_write_user_details_mock.py,19,18,23,write
tdd/iostubbing/test_write_user_details_mock.py,20,8,17,mock_file
tdd/iostubbing/test_write_user_details_mock.py,20,18,23,write
tdd/iostubbing/test_write_user_details_mock.py,21,8,17,mock_file
tdd/iostubbing/test_write_user_details_mock.py,21,18,23,write
tdd/iostubbing/test_write_user_details_mock.py,22,8,17,mock_file
tdd/iostubbing/test_write_user_details_mock.py,22,18,23,close
tdd/iostubbing/test_write_user_details_mock.py,25,8,12,self
tdd/iostubbing/test_write_user_details_mock.py,25,13,19,replay
tdd/iostubbing/test_write_user_details_mock.py,28,8,29,write_user_details_di
tdd/iostubbing/test_write_user_details_mock.py,28,30,46,accept_and_write
tdd/iostubbing/test_write_user_details_mock.py,28,47,53,iproxy
tdd/iostubbing/test_write_user_details_mock.py,28,54,72,raw_input_provider
tdd/iostubbing/test_write_user_details_mock.py,28,73,82,raw_input
tdd/iostubbing/test_write_user_details_mock.py,28,84,90,opener
tdd/iostubbing/test_write_user_details_mock.py,28,91,112,mock_opener_interface
tdd/iostubbing/test_write_user_details_mock.py,28,113,117,open
tdd/iostubbing/test_write_user_details_mock.py,31,8,12,self
tdd/iostubbing/test_write_user_details_mock.py,31,13,19,verify
tdd/iostubbing/test_write_user_details_mock.py,34,3,11,__name__
tdd/iostubbing/test_write_user_details_mock.py,35,4,12,unittest
tdd/iostubbing/test_write_user_details_mock.py,35,13,17,main
tdd/iostubbing/write_user_details.py,5,4,20,accept_and_write
tdd/iostubbing/write_user_details.py,6,4,8,name
tdd/iostubbing/write_user_details.py,6,11,20,raw_input
tdd/iostubbing/write_user_details.py,7,4,7,age
tdd/iostubbing/write_user_details.py,7,10,19,raw_input
tdd/iostubbing/write_user_details.py,8,4,8,city
tdd/iostubbing/write_user_details.py,8,11,20,raw_input
tdd/iostubbing/write_user_details.py,10,4,6,fp
tdd/iostubbing/write_user_details.py,10,9,13,open
tdd/iostubbing/write_user_details.py,10,14,18,name
tdd/iostubbing/write_user_details.py,11,4,6,fp
tdd/iostubbing/write_user_details.py,11,7,12,write
tdd/iostubbing/write_user_details.py,11,29,33,name
tdd/iostubbing/write_user_details.py,12,4,6,fp
tdd/iostubbing/write_user_details.py,12,7,12,write
tdd/iostubbing/write_user_details.py,12,28,31,age
tdd/iostubbing/write_user_details.py,13,4,6,fp
tdd/iostubbing/write_user_details.py,13,7,12,write
tdd/iostubbing/write_user_details.py,13,29,33,city
tdd/iostubbing/write_user_details.py,14,4,6,fp
tdd/iostubbing/write_user_details.py,14,7,12,close
tdd/iostubbing/write_user_details.py,16,3,11,__name__
tdd/iostubbing/write_user_details.py,17,4,20,accept_and_write
tdd/iostubbing/write_user_details_di.py,5,6,16,InputProxy
tdd/iostubbing/write_user_details_di.py,6,8,17,raw_input
tdd/iostubbing/write_user_details_di.py,6,18,22,self
tdd/iostubbing/write_user_details_di.py,6,24,27,msg
tdd/iostubbing/write_user_details_di.py,7,15,24,raw_input
tdd/iostubbing/write_user_details_di.py,7,25,28,msg
tdd/iostubbing/write_user_details_di.py,10,4,20,accept_and_write
tdd/iostubbing/write_user_details_di.py,10,21,27,iproxy
tdd/iostubbing/write_user_details_di.py,10,28,37,raw_input
tdd/iostubbing/write_user_details_di.py,10,39,45,opener
tdd/iostubbing/write_user_details_di.py,10,46,50,open
tdd/iostubbing/write_user_details_di.py,11,4,8,name
tdd/iostubbing/write_user_details_di.py,11,11,17,iproxy
tdd/iostubbing/write_user_details_di.py,12,4,7,age
tdd/iostubbing/write_user_details_di.py,12,10,16,iproxy
tdd/iostubbing/write_user_details_di.py,13,4,8,city
tdd/iostubbing/write_user_details_di.py,13,11,17,iproxy
tdd/iostubbing/write_user_details_di.py,15,4,6,fp
tdd/iostubbing/write_user_details_di.py,15,9,15,opener
tdd/iostubbing/write_user_details_di.py,15,16,20,name
tdd/iostubbing/write_user_details_di.py,16,4,6,fp
tdd/iostubbing/write_user_details_di.py,16,7,12,write
tdd/iostubbing/write_user_details_di.py,16,29,33,name
tdd/iostubbing/write_user_details_di.py,17,4,6,fp
tdd/iostubbing/write_user_details_di.py,17,7,12,write
tdd/iostubbing/write_user_details_di.py,17,28,31,age
tdd/iostubbing/write_user_details_di.py,18,4,6,fp
tdd/iostubbing/write_user_details_di.py,18,7,12,write
tdd/iostubbing/write_user_details_di.py,18,29,33,city
tdd/iostubbing/write_user_details_di.py,19,4,6,fp
tdd/iostubbing/write_user_details_di.py,19,7,12,close
tdd/transformations/MailerProg.py,0,7,9,os
tdd/transformations/MailerProg.py,1,7,9,re
tdd/transformations/MailerProg.py,12,4,16,get_all_msgs
tdd/transformations/MailerProg.py,13,4,8,msgs
tdd/transformations/MailerProg.py,14,4,18,msg_file_names
tdd/transformations/MailerProg.py,14,21,35,find_msg_files
tdd/transformations/MailerProg.py,15,8,21,msg_file_name
tdd/transformations/MailerProg.py,15,25,39,msg_file_names
tdd/transformations/MailerProg.py,16,8,12,msgs
tdd/transformations/MailerProg.py,16,13,19,append
tdd/transformations/MailerProg.py,16,20,34,parse_msg_file
tdd/transformations/MailerProg.py,16,35,48,msg_file_name
tdd/transformations/MailerProg.py,17,11,15,msgs
tdd/transformations/MailerProg.py,19,4,18,find_msg_files
tdd/transformations/MailerProg.py,19,19,20,d
tdd/transformations/MailerProg.py,20,12,13,f
tdd/transformations/MailerProg.py,20,18,19,f
tdd/transformations/MailerProg.py,20,23,25,os
tdd/transformations/MailerProg.py,20,26,33,listdir
tdd/transformations/MailerProg.py,20,34,35,d
tdd/transformations/MailerProg.py,20,40,41,f
tdd/transformations/MailerProg.py,20,42,50,endswith
tdd/transformations/MailerProg.py,22,4,18,parse_msg_file
tdd/transformations/MailerProg.py,22,19,24,fname
tdd/transformations/MailerProg.py,23,4,6,fp
tdd/transformations/MailerProg.py,23,9,13,open
tdd/transformations/MailerProg.py,23,14,19,fname
tdd/transformations/MailerProg.py,24,4,16,reading_body
tdd/transformations/MailerProg.py,25,4,9,ffrom
tdd/transformations/MailerProg.py,26,4,6,to
tdd/transformations/MailerProg.py,27,4,6,cc
tdd/transformations/MailerProg.py,28,4,10,tstamp
tdd/transformations/MailerProg.py,29,4,8,mime
tdd/transformations/MailerProg.py,30,4,8,body
tdd/transformations/MailerProg.py,31,8,12,line
tdd/transformations/MailerProg.py,31,16,18,fp
tdd/transformations/MailerProg.py,31,19,28,readlines
tdd/transformations/MailerProg.py,32,11,23,reading_body
tdd/transformations/MailerProg.py,33,12,16,body
tdd/transformations/MailerProg.py,33,20,24,line
tdd/transformations/MailerProg.py,35,15,19,line
tdd/transformations/MailerProg.py,35,20,30,startswith
tdd/transformations/MailerProg.py,36,16,18,to
tdd/transformations/MailerProg.py,36,21,25,line
tdd/transformations/MailerProg.py,36,26,29,len
tdd/transformations/MailerProg.py,37,16,18,to
tdd/transformations/MailerProg.py,37,21,43,__remove_newline_chars
tdd/transformations/MailerProg.py,37,44,46,to
tdd/transformations/MailerProg.py,38,17,21,line
tdd/transformations/MailerProg.py,38,22,32,startswith
tdd/transformations/MailerProg.py,39,16,21,ffrom
tdd/transformations/MailerProg.py,39,24,28,line
tdd/transformations/MailerProg.py,39,29,32,len
tdd/transformations/MailerProg.py,40,16,21,ffrom
tdd/transformations/MailerProg.py,40,24,46,__remove_newline_chars
tdd/transformations/MailerProg.py,40,47,52,ffrom
tdd/transformations/MailerProg.py,41,17,21,line
tdd/transformations/MailerProg.py,41,22,32,startswith
tdd/transformations/MailerProg.py,42,16,18,cc
tdd/transformations/MailerProg.py,42,21,25,line
tdd/transformations/MailerProg.py,42,26,29,len
tdd/transformations/MailerProg.py,43,16,18,cc
tdd/transformations/MailerProg.py,43,21,43,__remove_newline_chars
tdd/transformations/MailerProg.py,43,44,46,cc
tdd/transformations/MailerProg.py,44,17,21,line
tdd/transformations/MailerProg.py,44,22,32,startswith
tdd/transformations/MailerProg.py,45,16,22,tstamp
tdd/transformations/MailerProg.py,45,25,29,line
tdd/transformations/MailerProg.py,45,30,33,len
tdd/transformations/MailerProg.py,46,16,22,tstamp
tdd/transformations/MailerProg.py,46,25,47,__remove_newline_chars
tdd/transformations/MailerProg.py,46,48,54,tstamp
tdd/transformations/MailerProg.py,47,17,21,line
tdd/transformations/MailerProg.py,47,22,32,startswith
tdd/transformations/MailerProg.py,48,16,20,mime
tdd/transformations/MailerProg.py,48,23,27,line
tdd/transformations/MailerProg.py,48,28,31,len
tdd/transformations/MailerProg.py,49,16,20,mime
tdd/transformations/MailerProg.py,49,23,45,__remove_newline_chars
tdd/transformations/MailerProg.py,49,46,50,mime
tdd/transformations/MailerProg.py,50,17,21,line
tdd/transformations/MailerProg.py,50,22,32,startswith
tdd/transformations/MailerProg.py,51,16,28,reading_body
tdd/transformations/MailerProg.py,53,11,14,Msg
tdd/transformations/MailerProg.py,53,15,17,to
tdd/transformations/MailerProg.py,53,18,20,to
tdd/transformations/MailerProg.py,53,22,27,ffrom
tdd/transformations/MailerProg.py,53,28,33,ffrom
tdd/transformations/MailerProg.py,53,35,37,cc
tdd/transformations/MailerProg.py,53,38,40,cc
tdd/transformations/MailerProg.py,53,42,48,tstamp
tdd/transformations/MailerProg.py,53,49,55,tstamp
tdd/transformations/MailerProg.py,53,57,61,mime
tdd/transformations/MailerProg.py,53,62,66,mime
tdd/transformations/MailerProg.py,53,68,72,body
tdd/transformations/MailerProg.py,53,73,77,body
tdd/transformations/MailerProg.py,55,4,26,__remove_newline_chars
tdd/transformations/MailerProg.py,55,27,28,s
tdd/transformations/MailerProg.py,56,4,5,s
tdd/transformations/MailerProg.py,56,8,9,s
tdd/transformations/MailerProg.py,56,10,17,replace
tdd/transformations/MailerProg.py,57,4,5,s
tdd/transformations/MailerProg.py,57,8,9,s
tdd/transformations/MailerProg.py,57,10,17,replace
tdd/transformations/MailerProg.py,58,11,12,s
tdd/transformations/MailerProg.py,60,6,9,Msg
tdd/transformations/MailerProg.py,60,10,16,object
tdd/transformations/MailerProg.py,61,8,16,__init__
tdd/transformations/MailerProg.py,61,17,21,self
tdd/transformations/MailerProg.py,61,23,28,ffrom
tdd/transformations/MailerProg.py,61,33,35,to
tdd/transformations/MailerProg.py,61,40,42,cc
tdd/transformations/MailerProg.py,61,47,53,tstamp
tdd/transformations/MailerProg.py,61,58,62,mime
tdd/transformations/MailerProg.py,61,67,71,body
tdd/transformations/MailerProg.py,62,8,12,self
tdd/transformations/MailerProg.py,62,13,18,ffrom
tdd/transformations/MailerProg.py,62,21,26,ffrom
tdd/transformations/MailerProg.py,63,8,12,self
tdd/transformations/MailerProg.py,63,13,15,to
tdd/transformations/MailerProg.py,64,8,12,self
tdd/transformations/MailerProg.py,64,13,15,cc
tdd/transformations/MailerProg.py,65,8,12,self
tdd/transformations/MailerProg.py,65,13,19,tstamp
tdd/transformations/MailerProg.py,65,22,28,tstamp
tdd/transformations/MailerProg.py,66,8,12,self
tdd/transformations/MailerProg.py,66,13,17,mime
tdd/transformations/MailerProg.py,66,20,24,mime
tdd/transformations/MailerProg.py,67,8,12,self
tdd/transformations/MailerProg.py,67,13,17,body
tdd/transformations/MailerProg.py,67,20,24,body
tdd/transformations/MailerProg.py,68,8,12,self
tdd/transformations/MailerProg.py,68,13,15,to
tdd/transformations/MailerProg.py,68,18,20,re
tdd/transformations/MailerProg.py,68,21,26,split
tdd/transformations/MailerProg.py,68,35,37,to
tdd/transformations/MailerProg.py,69,17,21,self
tdd/transformations/MailerProg.py,69,22,24,to
tdd/transformations/MailerProg.py,70,12,16,self
tdd/transformations/MailerProg.py,70,17,19,to
tdd/transformations/MailerProg.py,70,20,26,remove
tdd/transformations/MailerProg.py,71,8,12,self
tdd/transformations/MailerProg.py,71,13,15,cc
tdd/transformations/MailerProg.py,71,18,20,re
tdd/transformations/MailerProg.py,71,21,26,split
tdd/transformations/MailerProg.py,71,35,37,cc
tdd/transformations/MailerProg.py,72,17,21,self
tdd/transformations/MailerProg.py,72,22,24,cc
tdd/transformations/MailerProg.py,73,12,16,self
tdd/transformations/MailerProg.py,73,17,19,cc
tdd/transformations/MailerProg.py,73,20,26,remove
tdd/transformations/MailerProg.py,75,8,15,__str__
tdd/transformations/MailerProg.py,75,16,20,self
tdd/transformations/MailerProg.py,82,15,19,self
tdd/transformations/MailerProg.py,82,20,25,ffrom
tdd/transformations/MailerProg.py,82,27,31,self
tdd/transformations/MailerProg.py,82,32,34,to
tdd/transformations/MailerProg.py,82,36,40,self
tdd/transformations/MailerProg.py,82,41,43,cc
tdd/transformations/MailerProg.py,82,45,49,self
tdd/transformations/MailerProg.py,82,50,54,mime
tdd/transformations/MailerProg.py,82,56,60,self
tdd/transformations/MailerProg.py,82,61,67,tstamp
tdd/transformations/MailerProg.py,82,69,73,self
tdd/transformations/MailerProg.py,82,74,78,body
tdd/transformations/MailerProg.py,87,17,25,__name__
tdd/transformations/MailerProg.py,88,10,24,find_msg_files
tdd/transformations/Msg2Xml.py,0,5,8,xml
tdd/transformations/Msg2Xml.py,0,9,14,etree
tdd/transformations/Msg2Xml.py,0,15,26,ElementTree
tdd/transformations/Msg2Xml.py,0,34,41,Element
tdd/transformations/Msg2Xml.py,0,43,53,SubElement
tdd/transformations/Msg2Xml.py,0,55,62,Comment
tdd/transformations/Msg2Xml.py,0,64,72,tostring
tdd/transformations/Msg2Xml.py,2,0,3,top
tdd/transformations/Msg2Xml.py,2,6,13,Element
tdd/transformations/Msg2Xml.py,4,0,7,comment
tdd/transformations/Msg2Xml.py,4,10,17,Comment
tdd/transformations/Msg2Xml.py,5,0,3,top
tdd/transformations/Msg2Xml.py,5,4,10,append
tdd/transformations/Msg2Xml.py,5,11,18,comment
tdd/transformations/Msg2Xml.py,7,0,5,child
tdd/transformations/Msg2Xml.py,7,8,18,SubElement
tdd/transformations/Msg2Xml.py,7,19,22,top
tdd/transformations/Msg2Xml.py,8,0,5,child
tdd/transformations/Msg2Xml.py,8,6,10,text
tdd/transformations/Msg2Xml.py,10,0,15,child_with_tail
tdd/transformations/Msg2Xml.py,10,18,28,SubElement
tdd/transformations/Msg2Xml.py,10,29,32,top
tdd/transformations/Msg2Xml.py,11,0,15,child_with_tail
tdd/transformations/Msg2Xml.py,11,16,20,text
tdd/transformations/Msg2Xml.py,12,0,15,child_with_tail
tdd/transformations/Msg2Xml.py,12,16,20,tail
tdd/transformations/Msg2Xml.py,14,0,21,child_with_entity_ref
tdd/transformations/Msg2Xml.py,14,24,34,SubElement
tdd/transformations/Msg2Xml.py,14,35,38,top
tdd/transformations/Msg2Xml.py,15,0,21,child_with_entity_ref
tdd/transformations/Msg2Xml.py,15,22,26,text
tdd/transformations/Msg2Xml.py,17,6,14,tostring
tdd/transformations/Msg2Xml.py,17,15,18,top
tdd/transformations/TestMailerProg.py,0,7,15,unittest
tdd/transformations/TestMailerProg.py,1,7,17,MailerProg
tdd/transformations/TestMailerProg.py,2,7,9,os
tdd/transformations/TestMailerProg.py,4,6,20,TestMailerProg
tdd/transformations/TestMailerProg.py,4,21,29,unittest
tdd/transformations/TestMailerProg.py,4,30,38,TestCase
tdd/transformations/TestMailerProg.py,6,8,13,setUp
tdd/transformations/TestMailerProg.py,6,14,18,self
tdd/transformations/TestMailerProg.py,7,8,13,super
tdd/transformations/TestMailerProg.py,7,14,28,TestMailerProg
tdd/transformations/TestMailerProg.py,7,30,34,self
tdd/transformations/TestMailerProg.py,7,36,41,setUp
tdd/transformations/TestMailerProg.py,9,8,16,tearDown
tdd/transformations/TestMailerProg.py,9,17,21,self
tdd/transformations/TestMailerProg.py,10,8,13,super
tdd/transformations/TestMailerProg.py,10,14,28,TestMailerProg
tdd/transformations/TestMailerProg.py,10,30,34,self
tdd/transformations/TestMailerProg.py,10,36,44,tearDown
tdd/transformations/TestMailerProg.py,12,8,27,test_find_msg_files
tdd/transformations/TestMailerProg.py,12,28,32,self
tdd/transformations/TestMailerProg.py,13,8,11,fqn
tdd/transformations/TestMailerProg.py,13,14,16,os
tdd/transformations/TestMailerProg.py,13,17,21,path
tdd/transformations/TestMailerProg.py,13,22,29,abspath
tdd/transformations/TestMailerProg.py,13,30,38,__file__
tdd/transformations/TestMailerProg.py,14,8,17,msg_files
tdd/transformations/TestMailerProg.py,14,20,30,MailerProg
tdd/transformations/TestMailerProg.py,14,31,45,find_msg_files
tdd/transformations/TestMailerProg.py,14,46,49,fqn
tdd/transformations/TestMailerProg.py,14,52,55,fqn
tdd/transformations/TestMailerProg.py,14,56,61,rfind
tdd/transformations/TestMailerProg.py,15,8,12,self
tdd/transformations/TestMailerProg.py,15,13,24,assertEqual
tdd/transformations/TestMailerProg.py,15,28,31,len
tdd/transformations/TestMailerProg.py,15,32,41,msg_files
tdd/transformations/TestMailerProg.py,16,8,12,self
tdd/transformations/TestMailerProg.py,16,13,23,assertTrue
tdd/transformations/TestMailerProg.py,16,40,49,msg_files
tdd/transformations/TestMailerProg.py,17,8,12,self
tdd/transformations/TestMailerProg.py,17,13,23,assertTrue
tdd/transformations/TestMailerProg.py,17,40,49,msg_files
tdd/transformations/TestMailerProg.py,18,8,12,self
tdd/transformations/TestMailerProg.py,18,13,23,assertTrue
tdd/transformations/TestMailerProg.py,18,40,49,msg_files
tdd/transformations/TestMailerProg.py,19,8,12,self
tdd/transformations/TestMailerProg.py,19,13,23,assertTrue
tdd/transformations/TestMailerProg.py,19,40,49,msg_files
tdd/transformations/TestMailerProg.py,20,8,12,self
tdd/transformations/TestMailerProg.py,20,13,23,assertTrue
tdd/transformations/TestMailerProg.py,20,40,49,msg_files
tdd/transformations/TestMailerProg.py,22,8,27,test_parse_msg_file
tdd/transformations/TestMailerProg.py,22,28,32,self
tdd/transformations/TestMailerProg.py,23,8,11,fqn
tdd/transformations/TestMailerProg.py,23,14,16,os
tdd/transformations/TestMailerProg.py,23,17,21,path
tdd/transformations/TestMailerProg.py,23,22,29,abspath
tdd/transformations/TestMailerProg.py,23,30,38,__file__
tdd/transformations/TestMailerProg.py,24,8,16,curr_dir
tdd/transformations/TestMailerProg.py,24,19,22,fqn
tdd/transformations/TestMailerProg.py,24,25,28,fqn
tdd/transformations/TestMailerProg.py,24,29,34,rfind
tdd/transformations/TestMailerProg.py,25,8,11,msg
tdd/transformations/TestMailerProg.py,25,14,24,MailerProg
tdd/transformations/TestMailerProg.py,25,25,39,parse_msg_file
tdd/transformations/TestMailerProg.py,25,40,42,os
tdd/transformations/TestMailerProg.py,25,43,47,path
tdd/transformations/TestMailerProg.py,25,48,52,join
tdd/transformations/TestMailerProg.py,25,53,61,curr_dir
tdd/transformations/TestMailerProg.py,26,8,12,self
tdd/transformations/TestMailerProg.py,26,13,24,assertEqual
tdd/transformations/TestMailerProg.py,26,25,28,msg
tdd/transformations/TestMailerProg.py,26,29,31,to
tdd/transformations/TestMailerProg.py,29,3,11,__name__
tdd/transformations/TestMailerProg.py,30,4,12,unittest
tdd/transformations/TestMailerProg.py,30,13,17,main
tdd/transformations/VerifyServers.py,0,7,14,urllib2
tdd/transformations/VerifyServers.py,2,0,7,servers
tdd/transformations/VerifyServers.py,4,4,10,server
tdd/transformations/VerifyServers.py,4,14,21,servers
tdd/transformations/VerifyServers.py,6,8,14,urllib
tdd/transformations/VerifyServers.py,6,15,22,urlopen
tdd/transformations/VerifyServers.py,6,23,29,server
tdd/transformations/VerifyServers.py,7,11,18,urllib2
tdd/transformations/VerifyServers.py,7,19,28,HTTPError
tdd/transformations/VerifyServers.py,7,30,31,e
tdd/transformations/VerifyServers.py,8,8,17,send_mail
tdd/transformations/VerifyServers.py,8,18,19,e
tdd/transformations/VerifyServers.py,9,11,18,urllib2
tdd/transformations/VerifyServers.py,9,19,27,URLError
tdd/transformations/VerifyServers.py,9,29,30,e
tdd/transformations/VerifyServers.py,10,8,17,send_mail
tdd/transformations/VerifyServers.py,10,18,19,e
tdd/transformations/VerifyServers.py,12,4,13,send_mail
tdd/transformations/VerifyServers.py,12,14,15,e
